"Area","Item","Status","Detail"
"CHIRPS","2016-2025 monthly TIFF set","PASS","valid_tiffs=120/120; missing=0; invalid=0; hash/size_mismatches=0; manifest_issues=0"
"P0_ASSETS","critical-session-sha256-20261010-094042.csv","PASS","rows=7; verified=7; missing=0; mismatched=0; rows_without_path_or_hash=0"
"INITIAL_COLLECTION","sha256-20261009-111437.csv","PASS","rows=581; verified=581; missing=0; mismatched=0; rows_without_path_or_hash=0"
"PRIORITY_FILE","ESA WorldCover tile","PASS","bytes=92254923; path=01_RAW_DATA\07_LAND_COVER\ESA-WorldCover-2021-v200\ESA_WorldCover_10m_2021_v200_N09E078_Map.tif"
"PRIORITY_FILE","Tamil Nadu Season and Crop Report 2024-25","PASS","bytes=22479536; path=01_RAW_DATA\06_AGRICULTURE\Tamil-Nadu-Season-Crop-Report\Tamil-Nadu-Season-and-Crop-Report-2024-2025.pdf"
"PRIORITY_FILE","Statistical Handbook climate/rainfall","PASS","bytes=400314; path=01_RAW_DATA\06_AGRICULTURE\Tamil-Nadu-Statistical-Handbook-2023-24\03_Climate-and-Rainfall.pdf"
"PRIORITY_FILE","Statistical Handbook agriculture","PASS","bytes=1743846; path=01_RAW_DATA\06_AGRICULTURE\Tamil-Nadu-Statistical-Handbook-2023-24\04_Agriculture.pdf"
"PRIORITY_FILE","Statistical Handbook irrigation","PASS","bytes=353956; path=01_RAW_DATA\06_AGRICULTURE\Tamil-Nadu-Statistical-Handbook-2023-24\05_Irrigation.pdf"
"PRIORITY_FILE","CGWB groundwater yearbook 2024-25","REVIEW","01_RAW_DATA\05_GROUNDWATER\CGWB\Groundwater-Year-Book-Tamil-Nadu-Puducherry-2024-2025.pdf"
"PRIORITY_FILE","Word project dossier","REVIEW","06_PROJECT_DOCUMENTS\Neer-Nilam_Project_History_and_Collection_Dossier_2026-10-10.docx"
"PRIORITY_FILE","Root master Log.txt","PASS","bytes=107551; path=Log.txt"
"PRIORITY_FILE","DHARMA XML licence inventory","PASS","bytes=84449; path=00_ADMIN\licences\dharma-xml-license-inventory.csv"
"PRIORITY_FILE","CHIRPS citation note","PASS","bytes=706; path=00_ADMIN\source_notes\CHIRPS-v3-SOURCE-AND-CITATION.txt"
"PARTIALS","CHIRPS partial files","PASS","No .partial files found."
"QUARANTINE","CGWB invalid downloads","INFO","4 invalid response file(s) preserved; do not use as PDFs."
