claim_id,claim_scope,subject,predicate,target_or_value,preferred_source_ids,secondary_source_ids,evidence_class,valid_from,valid_to,verification_status,notes
BC-H001,identity,NN:site:brihadisvara-thanjavur,is-component-of,Great Living Chola Temples,SRC-UNESCO-TNT;SRC-HRCE,SRC-ASI;SRC-TN-ARCH,A,,,UNREVIEWED,"Authority claim to verify across current official sources."
BC-H002,construction,NN:site:brihadisvara-thanjavur,construction-inauguration,REVIEW_REQUIRED,SRC-UNESCO-TNT;SRC-ASI,SRC-TN-ARCH,UNASSIGNED,,,UNREVIEWED,"Do not freeze date until exact documentary basis is recorded."
BC-H003,consecration,NN:site:brihadisvara-thanjavur,consecration,REVIEW_REQUIRED,SRC-UNESCO-TNT;SRC-ASI,SRC-TN-ARCH,UNASSIGNED,,,UNREVIEWED,"Candidate claim; exact source locator required."
BC-H004,architecture,NN:site:brihadisvara-thanjavur,architectural-dimension,REVIEW_REQUIRED,SRC-UNESCO-TNT;SRC-ASI,SRC-TN-ARCH,UNASSIGNED,,,UNREVIEWED,"Measurements must not be used as a substitute for a surveyed 3D model."
BC-H005,epigraphy,NN:site:brihadisvara-thanjavur,supported-by-inscription,REVIEW_REQUIRED,SRC-DHARMA-TN;SRC-DHARMA-SII,SRC-TN-ARCH;SRC-ASI,UNASSIGNED,,,UNREVIEWED,"Specific inscription must be selected and linked to exact record."
BC-H006,epigraphy,NN:site:brihadisvara-thanjavur,has-inscription-context,REVIEW_REQUIRED,SRC-DHARMA-SII;SRC-TN-ARCH,SRC-ASI,UNASSIGNED,,,UNREVIEWED,"Need exact text/edition and spatial association."
BC-H007,water,NN:site:brihadisvara-thanjavur,water-context,REVIEW_REQUIRED,SRC-TNGIS-WRD;SRC-NWDP-CWC,SRC-OSM;SRC-COPDEM,UNASSIGNED,,,UNREVIEWED,"Historical relationship must be supported separately from modern water geometry."
BC-H008,settlement,NN:site:brihadisvara-thanjavur,settlement-context,REVIEW_REQUIRED,SRC-CENSUS-DCHB;SRC-CENSUS-PCA,FUTURE_ARCHIVE_SOURCES,UNASSIGNED,,,UNREVIEWED,"Modern census data cannot by itself prove ancient settlement extent."
BC-H009,maps,NN:site:brihadisvara-thanjavur,historical-landscape-map,REVIEW_REQUIRED,FUTURE_ARCHIVE_SOURCES,SRC-SOI,UNASSIGNED,,,UNREVIEWED,"Requires dedicated archival-map review."
BC-H010,restoration,NN:site:brihadisvara-thanjavur,modified-or-restored,REVIEW_REQUIRED,SRC-ASI;SRC-TN-ARCH,SRC-UNESCO-TNT,UNASSIGNED,,,UNREVIEWED,"Each modification needs a date interval and documentary source."
BC-H011,asset,NN:site:brihadisvara-thanjavur,represented-by-3d-asset,REVIEW_REQUIRED,PROJECT_OWN_CAPTURE;PROJECT_COMMISSIONED,SRC-OH3D,UNASSIGNED,,,UNREVIEWED,"Asset provenance and licence must be checked before production use."
BC-H012,terrain,NN:site:brihadisvara-thanjavur,terrain-derived-from,REVIEW_REQUIRED,SRC-COPDEM,SRC-SOI,UNASSIGNED,,,UNREVIEWED,"Derived terrain is a new project artifact and needs lineage."
BC-H013,manuscript,NN:site:brihadisvara-thanjavur,related-textual-context,REVIEW_REQUIRED,SRC-CICT-PLM;SRC-NMM,FUTURE_LIBRARY_SOURCES,UNASSIGNED,,,UNREVIEWED,"Only include a manuscript if relevance to the narrative is evidenced."
BC-H014,state,NN:site:brihadisvara-thanjavur,supported-historical-state,STATE-1,TBD_AFTER_RESEARCH,,UNASSIGNED,,,UNREVIEWED,"State date and boundaries deliberately left open."
BC-H015,state,NN:site:brihadisvara-thanjavur,supported-historical-state,STATE-2,TBD_AFTER_RESEARCH,,UNASSIGNED,,,UNREVIEWED,"State date and boundaries deliberately left open."
BC-H016,state,NN:site:brihadisvara-thanjavur,supported-historical-state,STATE-3,TBD_AFTER_RESEARCH,,UNASSIGNED,,,UNREVIEWED,"State date and boundaries deliberately left open."
BC-G001,gap,NN:site:brihadisvara-thanjavur,unsupported-period,NO_SUPPORTED_RECONSTRUCTION,TBD,,GAP,,,UNREVIEWED,"Application behavior contract; no substitute historical model."
