dataset_id,domain,target,minimum_output,primary_source_ids,rights_gate,temporal_required,spatial_required,current_status,notes
BRH-AUTH-001,heritage,Brihadisvara site identity,1 canonical site record,SRC-UNESCO-TNT;SRC-ASI;SRC-TN-ARCH;SRC-HRCE,YES,YES,YES,READY,"Authority record before any reconstruction."
BRH-EPIG-001,epigraphy,Chola/Tanjavur inscription evidence,3 structured inscription records,SRC-DHARMA-TN;SRC-DHARMA-SII;SRC-TN-ARCH,YES,YES,YES,READY_TO_REVIEW,"Use edited XML where license permits; link each assertion to exact record."
BRH-GEO-001,spatial,modern site/landscape geometry,site footprint + context layers,SRC-OSM;SRC-SOI;SRC-COPDEM,YES,NO,YES,READY,"Do not mix modern geometry with historical reconstruction."
BRH-DEM-001,terrain,Copernicus DEM terrain base,scene-ready terrain subset,SRC-COPDEM,YES,NO,YES,READY,"Preserve Copernicus source notice and processing lineage."
BRH-WATER-001,water,Thanjavur/Cauvery water context,river + relevant water features,SRC-TNGIS-WRD;SRC-NWDP-CWC,YES,YES,YES,READY_TO_REVIEW,"Need exact feature selection and historical relevance review."
BRH-POP-001,settlement,Thanjavur settlement/population context,selected census records,SRC-CENSUS-DCHB;SRC-CENSUS-PCA,YES,YES,YES,READY_TO_REVIEW,"Use only to support contextual claims; not a historical settlement footprint by itself."
BRH-MAP-001,historic-maps,historical landscape/cartographic reference,at least 2 map references,FUTURE_ARCHIVE_SOURCES,YES,YES,YES,PLANNED,"Needs dedicated archival-map research and rights classification."
BRH-MS-001,manuscripts,Tamil manuscript/text context,1 relevant manuscript/text record,SRC-CICT-PLM;SRC-NMM,YES,YES,NO,READY_TO_REVIEW,"Metadata can guide discovery; image reuse is item-specific."
BRH-3D-001,3d,temple model,1 reviewed scene-ready temple model,SRC-OH3D;PROJECT_OWN_CAPTURE,YES,YES,YES,PLANNED,"Prefer project-owned or commissioned model."
BRH-3D-002,3d,terrain/relief model,1 physical-model-ready terrain mesh,SRC-COPDEM;PROJECT_DERIVED,YES,YES,YES,PLANNED,"Derived from DEM or survey; retain lineage."
BRH-STATE-001,historical-state,Supported State 1,1 defensible state record,TBD_AFTER_HISTORICAL_RESEARCH,YES,YES,YES,NOT_STARTED,"Do not use AI-suggested date without source review."
BRH-STATE-002,historical-state,Supported State 2,1 defensible state record,TBD_AFTER_HISTORICAL_RESEARCH,YES,YES,YES,NOT_STARTED,"Do not use AI-suggested date without source review."
BRH-STATE-003,historical-state,Supported State 3,1 defensible state record,TBD_AFTER_HISTORICAL_RESEARCH,YES,YES,YES,NOT_STARTED,"Do not use AI-suggested date without source review."
BRH-GAP-001,historical-state,Unsupported period,1 explicit GAP record,TBD,YES,YES,YES,PLANNED,"Must emit NO_SUPPORTED_RECONSTRUCTION and explain evidence gap."
BRH-SCENE-001,presentation,Scene Pack v0,4 scene states + evidence refs,INTERNAL_CANONICAL,YES,YES,YES,NOT_STARTED,"Deterministic output for flat, Pepper's Ghost and relief-projection clients."
