dataset_id,priority,title,domain,source_url,format,session_action,rights_status,why_critical,expected_local_path,status_before_run
DLA-001,P0,DHARMA Tamil Nadu epigraphy,Epigraphy,https://github.com/erc-dharma/tfa-tamilnadu-epigraphy,Git repository / EpiDoc XML,Already collected; reorganize canonical path and retain legacy junction,README CC BY 4.0 conflicts with many XML CC BY-SA 4.0 declarations; 16 no-tag records,Core inscription candidates; hold redistribution and public reusable derivatives until written clarification,01_RAW_DATA/01_EPIGRAPHY/DHARMA-TamilNadu,ALREADY_COLLECTED_HOLD_REUSE
DLA-002,P0,DHARMA South Indian Inscriptions,Epigraphy,https://github.com/erc-dharma/tfa-sii-epigraphy,Git repository / EpiDoc XML,Already collected; reorganize canonical path and retain legacy junction,README CC BY 4.0 conflicts with XML CC BY-SA 4.0 declarations; 30 no-tag records,Temple donation and settlement context; hold redistribution pending clarification,01_RAW_DATA/01_EPIGRAPHY/DHARMA-SII,ALREADY_COLLECTED_HOLD_REUSE
DLA-003,P0,OpenStreetMap corridor cutout,Geospatial,https://overpass-api.de/api/interpreter,"JSON with elements, tags and geometry",Already collected; reorganize and preserve query,ODbL attribution and obligations,"Modern mapped places, roads and water context; not historical proof",01_RAW_DATA/03_GEOSPATIAL/OpenStreetMap,ALREADY_COLLECTED
DLA-004,P0,HydroRIVERS Asia shapefile archive,Hydrology,https://www.hydrosheds.org/products/hydrorivers,ZIP / Shapefile,Already collected; reorganize and preserve original ZIP,HydroSHEDS terms and citation review,Generalized regional river network; not a full tank or canal inventory,01_RAW_DATA/02_HYDROLOGY/HydroRIVERS-v1-Asia,ALREADY_COLLECTED
DLA-008,P0,CHIRPS v3 monthly rainfall 2016-2025,Climate,https://chc.ucsb.edu/data/chirps3,120 selected monthly global GeoTIFFs,Download selected monthly files; validate TIFF signature and hash; clip spatially later,Official CC BY 4.0 / public-domain dedication wording; verify current citation/attribution,Modern rainfall baseline for environmental and crop context,01_RAW_DATA/04_CLIMATE/CHIRPS-v3/monthly-global-tif,PLANNED_FOR_LOCAL_RUN
DLA-022,P0,Tamil Nadu Season and Crop Report 2024-2025,Agriculture,https://www.des.tn.gov.in/en/node/346,Official PDF,Download the official linked report and validate PDF signature,Official document terms and attribution review,"Modern district agriculture, irrigation, crop area, production, yield and rainfall tables",01_RAW_DATA/06_AGRICULTURE/Tamil-Nadu-Season-Crop-Report,PLANNED_FOR_LOCAL_RUN
TN-HANDBOOK-CLIMATE,P0,Tamil Nadu Statistical Handbook 2023-24 Climate and Rainfall,Climate,https://www.des.tn.gov.in/en/node/346,Official PDF,Download selected official section and validate PDF signature,Official publication reuse terms to review,Companion government climate and rainfall tables,01_RAW_DATA/06_AGRICULTURE/Tamil-Nadu-Statistical-Handbook-2023-24,PLANNED_FOR_LOCAL_RUN
TN-HANDBOOK-AGRICULTURE,P0,Tamil Nadu Statistical Handbook 2023-24 Agriculture,Agriculture,https://www.des.tn.gov.in/en/node/346,Official PDF,Download selected official section and validate PDF signature,Official publication reuse terms to review,Modern agricultural baseline,01_RAW_DATA/06_AGRICULTURE/Tamil-Nadu-Statistical-Handbook-2023-24,PLANNED_FOR_LOCAL_RUN
TN-HANDBOOK-IRRIGATION,P0,Tamil Nadu Statistical Handbook 2023-24 Irrigation,Water and agriculture,https://www.des.tn.gov.in/en/node/346,Official PDF,Download selected official section and validate PDF signature,Official publication reuse terms to review,Modern irrigation context,01_RAW_DATA/06_AGRICULTURE/Tamil-Nadu-Statistical-Handbook-2023-24,PLANNED_FOR_LOCAL_RUN
DLA-020,P0,CGWB Groundwater Year Book Tamil Nadu and Puducherry 2024-2025,Groundwater,https://cgwb.gov.in/cgwbpnm/public/publication-detail/2023,Official PDF,Discover the direct PDF from the official page and validate; mark manual if not resolved,Official report terms and attribution review,Current groundwater observations; Thanjavur coverage is listed in publication metadata,01_RAW_DATA/05_GROUNDWATER/CGWB,PLANNED_DYNAMIC_LINK_RESOLUTION
DLA-006,P1,ESA WorldCover 2021 v200 tile candidate N09E078,Land cover,https://esa-worldcover.s3.eu-central-1.amazonaws.com/v200/2021/map/ESA_WorldCover_10m_2021_v200_N09E078_Map.tif,GeoTIFF,Try one candidate tile with strict TIFF signature check; record failure if URL is not valid,CC BY 4.0 attribution; verify tile bounds and CRS,Modern land-cover context only,01_RAW_DATA/07_LAND_COVER/ESA-WorldCover-2021-v200,PLANNED_OPTIONAL_TILE_CANDIDATE
DLA-007,P1,JRC Global Surface Water 1984-2024,Surface water,https://global-surface-water.appspot.com/download,Regional raster,Select correct 10x10-degree tile and layer/version manually,Attribution and citation required,Long-term water occurrence context; not proof of ancient water,01_RAW_DATA/08_SURFACE_WATER/JRC-Global-Surface-Water,MANUAL_TILE_SELECTION_REQUIRED
DLA-005,P1,Copernicus DEM GLO-90,Terrain,https://dataspace.copernicus.eu/explore-data/data-collections/copernicus-contributing-missions/collections-description/COP-DEM,Regional GeoTIFF,Use official access and select regional GLO-90 tile,Current GLO-90 terms apply; GLO-30 access restricted by eligibility,Terrain context for GIS and relief prototype,01_RAW_DATA/09_TERRAIN/Copernicus-DEM,MANUAL_ACCESS_AND_TILE_REVIEW
DLA-010/011,P1,Census of India Thanjavur sources,Demography,https://www.censusindia.gov.in/nada/index.php/catalog/45367,Official PDF and tables,Select exact catalogue items and review terms,Official Census/ORGI file-specific terms,Modern settlement and population context,01_RAW_DATA/10_CENSUS,MANUAL_ITEM_AND_TERMS_REVIEW
DLA-025,P1,National Archives of India cartographic records,Historical maps,https://www.nationalarchives.nic.in/en/public-records-holdings/cartographic-records,Catalogue and selected map images,Search catalogue and request local-scale map after access/reproduction review,Archive access and reproduction rules apply,"Potential dated map evidence for routes, rivers and administration",01_RAW_DATA/11_HISTORICAL_MAPS/National-Archives-India,CATALOGUE_DISCOVERY_ONLY
DLA-026,P1,Abhilekh Patal historical archive,Historical archives,https://nationalarchives.nic.in/en/online-records-national-archives-india/abhilekh-patal,Catalogue and archive pages,Search exact records and preserve archive IDs,Item-level access/reproduction review,"Potential historic water administration, land revenue and settlement context",01_RAW_DATA/11_HISTORICAL_MAPS/Abhilekh-Patal,CATALOGUE_DISCOVERY_ONLY
DLA-027,P1,David Rumsey historical maps,Historical maps,https://www.davidrumsey.com/about/copyright-and-permissions,Digital maps and catalogue,Select individual local-scale maps and review item rights,Per-map rights; permission may be required,Potential cross-check for historical cartography,01_RAW_DATA/11_HISTORICAL_MAPS/David-Rumsey,ITEM_LEVEL_RIGHTS_REVIEW
DLA-014,P1,CICT Tamil palm-leaf manuscript catalogue,Manuscripts,https://www.digitalarchives.cict.in/,IIIF / metadata / images,Find exact relevant item; no bulk image collection,Item-level rights; non-commercial restriction may apply,Primary-source discovery if a relevant dated text is identified,01_RAW_DATA/12_MANUSCRIPTS/CICT,ITEM_LEVEL_RIGHTS_REVIEW
DLA-015,P1,Kriti Sampada manuscript catalogue,Manuscripts,https://www.namami.gov.in/manuscript-database,Catalogue metadata,Catalogue search first; request selected item through repository,Image rights separate from catalogue access,"Discover title, holding institution and provenance",01_RAW_DATA/12_MANUSCRIPTS/Kriti-Sampada,CATALOGUE_DISCOVERY_ONLY
DLA-017,P1,Kaggle uTHCD Tamil handwritten character recognition,OCR benchmark,https://www.kaggle.com/competitions/tamil-hwcr/data,BMP images and CSV labels,Requires account and competition-rules review; no scraping,Competition terms and intended-use rights review,Optional generic isolated-character benchmark; not stone or palm-leaf corpus,01_RAW_DATA/13_OCR/Kaggle-uTHCD,LOGIN_AND_RULES_REVIEW
DLA-018/019,P1,TamilOCR and TamilNet code/data references,OCR,https://github.com/skmadhubalan/tamilocr,Code and upstream data references,Inspect code/model licence and dataset origin separately,Dataset rights unverified,Reference baseline only; not validated on epigraphy,01_RAW_DATA/13_OCR/TamilOCR-TamilNet-references,RIGHTS_AND_FIT_REVIEW
DLA-012,P1,Tamil Nadu WRD Tank Information System,Water GIS,https://tngis.tn.gov.in/wrd/,Portal GIS or API,No bulk download until terms/API/permission confirmed,Permission-sensitive,Potential local tank inventory if authorized,01_RAW_DATA/03_GEOSPATIAL,PERMISSION_AND_API_REVIEW
DLA-016,P1,Open Heritage 3D catalogue,Heritage 3D,https://openheritage3d.org/data,3D assets,"Check exact site, file size, capture details and licence before acquisition",Dataset-specific licence,Do not assume a Brihadisvara model exists,01_RAW_DATA/14_HERITAGE_3D/Open-Heritage-3D,ITEM_SELECTION_AND_LICENSE_REVIEW
