dataset_id,domain,dataset_name,source_url,landing_page,format,geographic_scope,temporal_scope,rights_status,download_method,priority,status,estimated_size,why_relevant,gate_or_next_action,attribution_or_constraints,website_ids
DLA-001,epigraphy,"DHARMA Tamil Nadu epigraphic corpus","https://github.com/erc-dharma/tfa-tamilnadu-epigraphy","https://github.com/erc-dharma/tfa-tamilnadu-epigraphy","EpiDoc/XML; repository metadata","Tamil Nadu; filter to Thanjavur-Cauvery corridor after parsing","Inscription-specific dates","Edited XML stated CC BY 4.0 by repository README","Shallow Git clone","P0","READY_AUTO","Repository-sized; measure at collection","Structured edition of Tamil Nadu inscription material; key evidence candidate, not automatically linked to Brihadisvara","Clone; record commit; parse IDs, dates, places and bibliography; verify each record's content and location","Follow repository attribution request: DHARMA project, funder and editors involved in the edition","W169;W171"
DLA-002,epigraphy,"DHARMA South Indian Inscriptions corpus","https://github.com/erc-dharma/tfa-sii-epigraphy","https://github.com/erc-dharma/tfa-sii-epigraphy","EpiDoc/XML; repository metadata","South India; select only relevant records after parsing","Inscription-specific dates","RECORD_LEVEL_LICENSE_REVIEW; sampled XML records show CC BY-SA 4.0; do not assume all records share one license","Shallow Git clone plus XML license inventory","P0","READY_AUTO_WITH_RIGHTS_SCAN","Repository-sized; measure at collection","Potentially relevant inscription transcriptions, donations, temple economy and settlements","Clone for local research; inventory every XML licence; do not publish extracted records until rights and attribution are checked","Keep record-level license URLs; respect CC BY-SA obligations when applicable","W172;W208;W209;W210"
DLA-003,spatial,"OpenStreetMap corridor extract","https://overpass-api.de/api/interpreter","https://www.openstreetmap.org/copyright","Overpass JSON with geometry/tags","Bounded Thanjavur-Kumbakonam corridor; bbox in collector","Current mapping snapshot; not historical geography","ODbL","One bounded Overpass query; save raw response and query","P0","READY_AUTO","Expected bounded extract; verify actual size","Modern roads, named places, mapped water features, reservoirs, monuments and worship sites provide a spatial base only","Review tag counts, geometry validity, object IDs, date and ODbL attribution; keep query used","Credit OpenStreetMap and contributors; preserve ODbL obligations and extraction date","W002;W213"
DLA-004,hydrology,"HydroRIVERS v1 Asia Shapefile","https://data.hydrosheds.org/file/HydroRIVERS/HydroRIVERS_v10_as_shp.zip","https://www.hydrosheds.org/products/hydrorivers","ZIP/Shapefile; vector river reaches","Asia; clip locally to project corridor","Static v1 river network; source version is recorded in filename","HydroSHEDS license agreement; read full terms before redistribution","Direct download; preserve ZIP; extract to raw folder","P0","READY_AUTO_WITH_LICENSE_NOTICE","About 91 MB compressed","Regional river network context; does not comprehensively represent local tanks, minor channels or historic irrigation","Download; hash; preserve license and citation; clip only after GIS tooling is chosen","Use exact HydroSHEDS license agreement and requested citation; geometry is generalized for regional context","W188;W189;W190;W192"
DLA-005,terrain,"Copernicus DEM GLO-90","https://dataspace.copernicus.eu/explore-data/data-collections/copernicus-contributing-missions/collections-description/COP-DEM","https://dataspace.copernicus.eu/explore-data/data-collections/copernicus-contributing-missions/collections-description/COP-DEM","GeoTIFF/COG or portal product","Global coverage; extract only required terrain area","Static DEM version","Open/free license with attribution and notice obligations","Manual portal/API acquisition; credentials/eligibility may apply","P1","HOLD_MANUAL_ACCESS","Depends on selected tiles","Fallback terrain source for corridor-level context; not detailed archaeological survey data","Confirm current account eligibility and tile coverage; prefer a regional subset","GLO-30 access is category-restricted per current guidance; public users can view/download GLO-90 under applicable conditions","W174;W175;W205;W206;W207"
DLA-006,land-cover,"ESA WorldCover 2021 v200","https://esa-worldcover.org/en/data-access","https://esa-worldcover.org/en/data-access","10 m Cloud-Optimized GeoTIFFs","Global; choose only tiles covering study corridor","2021 land-cover snapshot","CC BY 4.0; attribution required","Use documented regional/tile selection; never sync the full global archive for this pilot","P1","READY_AFTER_TILE_SELECTION","Global product about 117 GB; project subset much smaller but must be calculated","Contemporary land-cover context for agricultural/environmental comparison","Select exact tiles covering Thanjavur-Kumbakonam; record product version; avoid treating it as a historical map","Include ESA WorldCover attribution and cite the dataset; do not infer historical land cover from this modern snapshot","W199;W200"
DLA-007,water,"JRC Global Surface Water 1984-2024","https://global-surface-water.appspot.com/download","https://global-surface-water.appspot.com/download","Raster layers and related products","Global; choose corridor-area subset","1984-2024 product as displayed by current download portal","Copernicus/JRC: free of charge, acknowledgement and citation required","Manual regional subset first; avoid global bulk download","P1","READY_AFTER_SUBSET_METHOD","Product-dependent; calculate before download","Modern surface-water occurrence/change context that can be compared with mapped water features; not proof of ancient tank existence","Choose relevant layer and spatial cutout; record product date and processing","Attribute Source: EC JRC/Google and include publication citation","W201"
DLA-008,rainfall,"CHIRPS v3 rainfall time series","https://data.chc.ucsb.edu/products/CHIRPS/v3.0/","https://chc.ucsb.edu/data/chirps3","Global gridded rainfall rasters; daily/pentad/monthly variants","Global 60N-60S; crop to Tamil Nadu corridor","1981 to near-present; v3 current","CC BY 4.0/public domain dedication per Climate Hazards Center; cite data version","Download only selected dates/products then crop; do not mirror the entire global archive","P1","READY_AFTER_TIME_WINDOW_AND_CLIP","Global archive large; calculate a time/area subset first","Modern rainfall time-series context for water and agriculture analysis","Define temporal period, monthly/daily cadence, and processing tool before collection; preserve preliminary/final distinction","Cite CHIRPS v3 DOI/version/date accessed; note grid-cell estimates are not local gauge measurements","W211;W212;W213;W214;W215"
DLA-009,historical-geography,"OpenHistoricalMap","https://api.openhistoricalmap.org/","https://www.openhistoricalmap.org/copyright","API/export data; OSM-like features","Global but local coverage may be sparse","Feature-level start/end dates where present","CC0 dedication by default; individual elements may carry license overrides","Small-area query/export after a corridor coverage audit","P1","REVIEW_COVERAGE_FIRST","Depends on selected area","Candidate for dated historical geographic features; contributor data requires source/quality review","Inspect feature density, tags, sources, and confidence; keep source links and feature-level licence tags","CC0 unless feature has explicit license override; do not assume completeness or authority","W202;W203;W204"
DLA-010,settlement,"Census of India Thanjavur District Census Handbook 2011 Part A","https://www.censusindia.gov.in/nada/index.php/catalog/45367","https://www.censusindia.gov.in/nada/index.php/catalog/45367","PDF/official catalogue files","Thanjavur district","2011; modern baseline only","Official Census/ORGI terms to review","Manual download and catalogue-level file verification","P1","READY_AFTER_TERMS_REVIEW","Catalogue item-dependent","Village/town directory and current local context; cannot alone prove Chola-era settlement extents","Download only relevant files; extract citations and tables with page-level references","Follow applicable Census terms; keep original files and extracted tables linked","W177;W179"
DLA-011,settlement,"Census of India Thanjavur Primary Census Abstract 2011","https://censusindia.gov.in/nada/index.php/catalog/6811","https://censusindia.gov.in/nada/index.php/catalog/6811","Official catalogue/table files","Thanjavur district","2011; modern baseline only","Official Census/ORGI terms to review","Manual download after checking file formats and terms","P1","READY_AFTER_TERMS_REVIEW","Catalogue item-dependent","Population and local administrative context for modern comparisons","Record geography hierarchy, table definitions, units and geographic vintage","Never reinterpret modern boundaries/demography as a historical state without separate evidence","W186"
DLA-012,water,"Tamil Nadu WRD Tank Information System / TNGIS","https://tngis.tn.gov.in/wrd/","https://tngis.tn.gov.in/wrd/","Portal layers; download/API availability varies","Tamil Nadu","Current portal snapshot; temporal metadata must be checked","PERMISSION_SENSITIVE","Request permission / verify published terms; do not bulk scrape or rehost","P1","HOLD_PERMISSION_REVIEW","Unknown until authorization/API scope confirmed","Potential local tank inventory, but official terms and source lineage govern use","Seek authorization, metadata, temporal fields, coordinate reference system and redistribution scope","Portal visibility is not permission to bulk copy, publish or derive public layers","W003;W176"
DLA-013,water,"National Water Data Portal/CWC Water Resource Project dataset","https://nwdp.nwic.gov.in/en/dataset/water-resource-project","https://nwdp.nwic.gov.in/en/dataset/water-resource-project","KML/GeoJSON/SHP advertised; verify current files","Dataset-specific; likely relevant water-resource project footprints","Dataset-specific","Portal terms and item-level metadata review required","Manual download only after terms review","P1","READY_AFTER_TERMS_REVIEW","Item-dependent","Potential command-area / water-resource spatial context","Download exact resource only after preserving dataset metadata and terms","Do not infer historical operation dates from modern project geometry","W185"
DLA-014,manuscripts,"CICT Digital Library of Tamil Palm-Leaf Manuscripts","https://www.digitalarchives.cict.in/","https://www.digitalarchives.cict.in/","IIIF manifests, metadata and image service","Collection/item-specific","Manuscript-specific; catalogue dates may differ from text dates","PER_ITEM_RIGHTS; a currently visible sample shows CC BY-NC 4.0","Catalogue/manifests first; no bulk image collection","P1","HOLD_PER_ITEM_RIGHTS","Images may be large; item-specific","Primary source for manuscript discovery and later Tamil-language tooling if a relevant item is selected","Find a relevant pilot item; record accession, institution, manifest and rights; request permission as needed","NC restrictions may conflict with future commercial use; preserve image/source metadata and don't republish without clearance","W178"
DLA-015,manuscripts,"Kriti Sampada / National Mission for Manuscripts catalogue","https://www.namami.gov.in/manuscript-database","https://www.namami.gov.in/manuscript-database","Catalogue metadata","India; record-specific","Catalogue dates and text dates require interpretation","Metadata discovery/reference only until terms/item rights are confirmed","Search catalogue; do not assume manuscript images are licensed","P1","READY_FOR_CATALOGUE_DISCOVERY","Unknown","Find manuscript titles, repositories, catalogue identifiers and provenance","Record exact catalogue entry and repository; contact holding institution for images or reuse","Catalogue metadata is not automatically a licence for image reproduction","W180;W181"
DLA-016,3d,"Open Heritage 3D catalogue","https://openheritage3d.org/data","https://openheritage3d.org/faq","Dataset-specific point clouds, meshes, images and related assets","Item-specific","Capture date and publication date vary","Each dataset must have an explicit Creative Commons license; exact licence varies","Manual request/download per selected dataset; no blind bulk import","P1","HOLD_ITEM_SELECTION","Average site download reported around 25 GB","Potential capture-derived heritage data; exact Brihadisvara model availability is not assumed","Search for exact site and verify dataset licence, size, capture details and resolution","Do not download or use a dataset solely because it appears in the catalogue","W183;W184"
DLA-017,ocr-baseline,"Kaggle Tamil Handwritten Character Recognition / uTHCD","https://www.kaggle.com/competitions/tamil-hwcr/data","https://www.kaggle.com/competitions/tamil-hwcr/data","BMP images plus CSV labels","Tamil character samples; not geographic","Modern isolated handwritten characters; competition-specific","Subject to competition rules; no independent blanket reuse permission assumed","Manual login, rules/license review and explicit approval before download","P2","HOLD_RULES_AND_FIT_REVIEW","Listed at about 1.12 GB","Possible generic Tamil character-recognition baseline only; not a palm-leaf or stone-inscription dataset","Review current competition rules, dataset source/license and intended training use; compare domain mismatch","Do not treat it as a valid training set for damaged epigraphy without domain-specific evaluation","W197"
DLA-018,ocr-baseline,"TamilOCR GitHub implementation and HP Labs India dataset reference","https://github.com/skmadhubalan/tamilocr","https://github.com/skmadhubalan/tamilocr","Model code and dataset reference","Tamil script; not heritage-specific","Historic dataset/benchmark details in repository","DATASET_RIGHTS_UNVERIFIED; repository page does not independently establish all data redistribution rights","Read-only code/reference; do not copy embedded dataset until rights confirmed","P2","HOLD_DATASET_RIGHTS","Unknown","Useful to understand baseline preprocessing and historic handwritten-character recognition","Inspect repository licence, upstream HP Labs dataset terms and model licence separately","A code repository being public does not prove dataset rights or model suitability","W196"
DLA-019,ocr-baseline,"TamilNet GitHub implementation and HP Labs India dataset reference","https://github.com/ganeshmm/TamilNet","https://github.com/ganeshmm/TamilNet","Model code and dataset reference","Tamil script; not heritage-specific","IWFHR 2006 character benchmark lineage","DATASET_RIGHTS_UNVERIFIED; verify repository/model and upstream benchmark terms separately","Read-only code/reference; no automatic model/data copy","P2","HOLD_DATASET_RIGHTS","Unknown","Second baseline reference for Tamil character classification; not evidence of inscription OCR accuracy","Check code licence, dependency licences and upstream data terms","Do not quote repository-reported accuracy as a validated project result","W198"
