source_id,organization,title,url,source_type,rights_status,permitted_use,attribution_required,redistribution_allowed,commercial_use,priority,status,notes
SRC-UNESCO-TNT,UNESCO World Heritage Centre,Great Living Chola Temples,https://whc.unesco.org/en/list/250,AUTHORITY,REVIEW_REQUIRED,Reference/fact use subject to source terms and specific content rights,Yes,Do not assume,Review, P0,READY_TO_REVIEW,"Authority/source for Brihadisvara significance and chronology; page content has CC-BY-SA IGO notice."
SRC-DHARMA-TN,ERC-DHARMA,DHARMA Tamil Nadu epigraphy corpus,https://github.com/erc-dharma/tfa-tamilnadu-epigraphy,EPIGRAPHY,OPEN_CC_BY_4,Edited XML reusable under repository license; retain requested attribution,Yes,Yes,Yes,P0,REVIEWED,"High-value structured epigraphic source."
SRC-DHARMA-SII,ERC-DHARMA,DHARMA South Indian Inscriptions corpus,https://github.com/erc-dharma/tfa-sii-epigraphy,EPIGRAPHY,OPEN_CC_BY_4,Edited XML reusable under repository license; retain requested attribution,Yes,Yes,Yes,P0,REVIEWED,"Structured SII material; inspect file-level rights metadata."
SRC-TN-ARCH,Tamil Nadu Archaeology,Tamil Nadu epigraphy resources,https://www.tnarch.gov.in/,AUTHORITY,REVIEW_REQUIRED,Reference and permissioned access as applicable,Review,Unknown,Unknown,P0,REVIEW_REQUIRED,"Use for official archaeological/epigraphic authority; asset reuse requires checking."
SRC-ASI,Archaeological Survey of India,ASI heritage and publications,https://asi.nic.in/,AUTHORITY,REVIEW_REQUIRED,Reference and permissioned access as applicable,Review,Unknown,Unknown,P0,REVIEW_REQUIRED,"Use for monument/publication authority."
SRC-HRCE,Tamil Nadu HR&CE,Temple administration/reference portal,https://hrce.tn.gov.in/,AUTHORITY,REVIEW_REQUIRED,Reference use; asset rights must be checked,Review,Unknown,Unknown,P0,REVIEW_REQUIRED,"Use for current temple identity/administrative reference."
SRC-OSM,OpenStreetMap,OpenStreetMap data,https://www.openstreetmap.org/,OPEN_GEOSPATIAL,ODBL,Use subject to ODbL obligations,Yes,Yes,Yes,P0,REVIEWED,"Keep attribution, source date, element IDs and transformation history."
SRC-SOI,Survey of India,Geospatial data guidelines,https://onlinemaps.surveyofindia.gov.in/GeospatialGuidelines.aspx,GOVERNMENT_POLICY,GOVERNMENT_GUIDELINES,Collection/generation/publication generally allowed subject to applicable rules and negative-list constraints,Review,Subject to rules,Subject to rules,P0,REVIEWED,"Policy source; not itself a dataset licence."
SRC-COPDEM,European Union/ESA/DLR/Airbus,Copernicus DEM GLO-30/GLO-90,https://dataspace.copernicus.eu/explore-data/data-collections/copernicus-contributing-missions/collections-description/COP-DEM,DEM,OPEN_WITH_NOTICE,Worldwide free/open use under stated licence conditions,Yes,Yes subject to licence,Yes subject to licence,P0,REVIEWED,"Requires source notice/citation; use exact licence text during ingestion."
SRC-TNGIS-WRD,Tamil Nadu Water Resources Department,TN WRD Tank Information System,https://tngis.tn.gov.in/wrd/,WATER_GIS,PERMISSION_SENSITIVE,Reference/permissioned use pending verification,Review,Unknown,Unknown,P0,REVIEW_REQUIRED,"Current portal reports tank information; do not bulk ingest until rights/API access confirmed."
SRC-NWDP-CWC,National Water Data Portal / CWC,Water Resource Project dataset,https://nwdp.nwic.gov.in/en/dataset/water-resource-project,WATER_GIS,TERMS_REVIEW,Downloadable KML/GeoJSON/SHP subject to portal terms,Review,Review,Review,P0,REVIEW_REQUIRED,"Command-area spatial dataset lead."
SRC-CICT-PLM,Central Institute of Classical Tamil,Digital Library of Tamil Palm-Leaf Manuscripts,https://www.digitalarchives.cict.in/,MANUSCRIPT,PER_ITEM_RIGHTS,IIIF/metadata access; reuse depends on item-level rights,Review,Per item,Per item,P1,REVIEW_REQUIRED,"Current site exposes manuscript/image metadata and rights per item."
SRC-NMM,Namami / National Mission for Manuscripts,Kriti Sampada manuscript database,https://www.namami.gov.in/manuscript-database,MANUSCRIPT_CATALOGUE,ALL_RIGHTS_RESERVED_SITE,Metadata discovery/reference; contact repository for authentic details and rights,Review,Unknown,Unknown,P1,REVIEW_REQUIRED,"Catalogue first; digitized image reuse must be separately cleared."
SRC-CENSUS-DCHB,Census of India,Thanjavur District Census Handbook 2011,https://www.censusindia.gov.in/nada/index.php/catalog/45367,DEMOGRAPHY,OFFICIAL_DATA_TERMS,Use according to Census/ORGI terms,Review,Review,Review,P1,REVIEW_REQUIRED,"Village/town directory and local infrastructure context."
SRC-CENSUS-PCA,Census of India,Thanjavur Primary Census Abstract 2011,https://censusindia.gov.in/nada/index.php/catalog/6811,DEMOGRAPHY,OFFICIAL_DATA_TERMS,Use according to Census/ORGI terms,Review,Review,Review,P1,REVIEW_REQUIRED,"Fine-grained population data to village/town/ward levels."
SRC-OH3D,Open Heritage 3D,Heritage 3D dataset catalogue,https://openheritage3d.org/data,3D_HERITAGE,DATASET_SPECIFIC_CC,Use according to dataset-specific rights,Yes if required,Dataset specific,Dataset specific,P1,REVIEW_REQUIRED,"Dataset licence varies by content owner."
