"session_id","dataset_id","title","filename","source_url","transfer_url","status","relative_path","size_bytes","sha256","rights_status","notes","checked_at"
"20261010-093810","DLA-008","CHIRPS v3 monthly global rainfall GeoTIFF","chirps-v3.0.2016.01.tif","https://data.chc.ucsb.edu/products/CHIRPS/v3.0/monthly/global/tifs/chirps-v3.0.2016.01.tif","ftp://ftp.chc.ucsb.edu/pub/org/chc/products/CHIRPS/v3.0/monthly/global/tifs/chirps-v3.0.2016.01.tif","SKIPPED_EXISTING_VALID","01_RAW_DATA\04_CLIMATE\CHIRPS-v3\monthly-global-tif\chirps-v3.0.2016.01.tif","22607560","F87C5C76E3BF5F443297FA86321ACD7F4B0E2615E4A836968E109B5F111FD9BE","Verify official current attribution/licence before redistribution","Existing complete TIFF passed minimum size and byte-order signature checks.","2026-10-10T09:38:11.9769499+05:30"
"20261010-093810","DLA-008","CHIRPS v3 monthly global rainfall GeoTIFF","chirps-v3.0.2016.02.tif","https://data.chc.ucsb.edu/products/CHIRPS/v3.0/monthly/global/tifs/chirps-v3.0.2016.02.tif","ftp://ftp.chc.ucsb.edu/pub/org/chc/products/CHIRPS/v3.0/monthly/global/tifs/chirps-v3.0.2016.02.tif","SKIPPED_EXISTING_VALID","01_RAW_DATA\04_CLIMATE\CHIRPS-v3\monthly-global-tif\chirps-v3.0.2016.02.tif","21879850","357866C6D55C548292F6F8F0511ED197AD1AC7D9D10AF18BB53A4B0D7DA238ED","Verify official current attribution/licence before redistribution","Existing complete TIFF passed minimum size and byte-order signature checks.","2026-10-10T09:38:12.4967266+05:30"
"20261010-093810","DLA-008","CHIRPS v3 monthly global rainfall GeoTIFF","chirps-v3.0.2016.03.tif","https://data.chc.ucsb.edu/products/CHIRPS/v3.0/monthly/global/tifs/chirps-v3.0.2016.03.tif","ftp://ftp.chc.ucsb.edu/pub/org/chc/products/CHIRPS/v3.0/monthly/global/tifs/chirps-v3.0.2016.03.tif","SKIPPED_EXISTING_VALID","01_RAW_DATA\04_CLIMATE\CHIRPS-v3\monthly-global-tif\chirps-v3.0.2016.03.tif","23633092","01F20A78E6704AB925B8907517C79F70D0CC98C777B0220E51ED5FFEB99ACECF","Verify official current attribution/licence before redistribution","Existing complete TIFF passed minimum size and byte-order signature checks.","2026-10-10T09:38:13.0450811+05:30"
"20261010-093810","DLA-008","CHIRPS v3 monthly global rainfall GeoTIFF","chirps-v3.0.2016.04.tif","https://data.chc.ucsb.edu/products/CHIRPS/v3.0/monthly/global/tifs/chirps-v3.0.2016.04.tif","ftp://ftp.chc.ucsb.edu/pub/org/chc/products/CHIRPS/v3.0/monthly/global/tifs/chirps-v3.0.2016.04.tif","SKIPPED_EXISTING_VALID","01_RAW_DATA\04_CLIMATE\CHIRPS-v3\monthly-global-tif\chirps-v3.0.2016.04.tif","23497142","76F8B4DE28ECC8A46BB1B789193B7E72144B0587EF0007366E23F36C9FE15BB3","Verify official current attribution/licence before redistribution","Existing complete TIFF passed minimum size and byte-order signature checks.","2026-10-10T09:38:13.4102744+05:30"
"20261010-093810","DLA-008","CHIRPS v3 monthly global rainfall GeoTIFF","chirps-v3.0.2016.05.tif","https://data.chc.ucsb.edu/products/CHIRPS/v3.0/monthly/global/tifs/chirps-v3.0.2016.05.tif","ftp://ftp.chc.ucsb.edu/pub/org/chc/products/CHIRPS/v3.0/monthly/global/tifs/chirps-v3.0.2016.05.tif","SKIPPED_EXISTING_VALID","01_RAW_DATA\04_CLIMATE\CHIRPS-v3\monthly-global-tif\chirps-v3.0.2016.05.tif","23512172","8B9C7A75FC19F7B45B02FD84D1C12F9F6E4673BE7433C2BDB3B22C279755696B","Verify official current attribution/licence before redistribution","Existing complete TIFF passed minimum size and byte-order signature checks.","2026-10-10T09:38:13.7885258+05:30"
"20261010-093810","DLA-008","CHIRPS v3 monthly global rainfall GeoTIFF","chirps-v3.0.2016.06.tif","https://data.chc.ucsb.edu/products/CHIRPS/v3.0/monthly/global/tifs/chirps-v3.0.2016.06.tif","ftp://ftp.chc.ucsb.edu/pub/org/chc/products/CHIRPS/v3.0/monthly/global/tifs/chirps-v3.0.2016.06.tif","SKIPPED_EXISTING_VALID","01_RAW_DATA\04_CLIMATE\CHIRPS-v3\monthly-global-tif\chirps-v3.0.2016.06.tif","23060586","03E7CAD2819E6ADBF54FCE854C87B24068695B75D25B44F0865E53E0EFA00DA5","Verify official current attribution/licence before redistribution","Existing complete TIFF passed minimum size and byte-order signature checks.","2026-10-10T09:38:14.1556917+05:30"
"20261010-093810","DLA-008","CHIRPS v3 monthly global rainfall GeoTIFF","chirps-v3.0.2016.07.tif","https://data.chc.ucsb.edu/products/CHIRPS/v3.0/monthly/global/tifs/chirps-v3.0.2016.07.tif","ftp://ftp.chc.ucsb.edu/pub/org/chc/products/CHIRPS/v3.0/monthly/global/tifs/chirps-v3.0.2016.07.tif","SKIPPED_EXISTING_VALID","01_RAW_DATA\04_CLIMATE\CHIRPS-v3\monthly-global-tif\chirps-v3.0.2016.07.tif","23633382","F9F313B7AFACA1088B4B978DF472AE49BBC54D545B20752A5D6292ED539E5CFC","Verify official current attribution/licence before redistribution","Existing complete TIFF passed minimum size and byte-order signature checks.","2026-10-10T09:38:14.6299851+05:30"
"20261010-093810","DLA-008","CHIRPS v3 monthly global rainfall GeoTIFF","chirps-v3.0.2016.08.tif","https://data.chc.ucsb.edu/products/CHIRPS/v3.0/monthly/global/tifs/chirps-v3.0.2016.08.tif","ftp://ftp.chc.ucsb.edu/pub/org/chc/products/CHIRPS/v3.0/monthly/global/tifs/chirps-v3.0.2016.08.tif","SKIPPED_EXISTING_VALID","01_RAW_DATA\04_CLIMATE\CHIRPS-v3\monthly-global-tif\chirps-v3.0.2016.08.tif","23781782","9C2B663F728FDC4E8431EE583E88773A7A7E2F604352256948A4DDC31BD0DB2C","Verify official current attribution/licence before redistribution","Existing complete TIFF passed minimum size and byte-order signature checks.","2026-10-10T09:38:14.9633748+05:30"
"20261010-093810","DLA-008","CHIRPS v3 monthly global rainfall GeoTIFF","chirps-v3.0.2016.09.tif","https://data.chc.ucsb.edu/products/CHIRPS/v3.0/monthly/global/tifs/chirps-v3.0.2016.09.tif","ftp://ftp.chc.ucsb.edu/pub/org/chc/products/CHIRPS/v3.0/monthly/global/tifs/chirps-v3.0.2016.09.tif","SKIPPED_EXISTING_VALID","01_RAW_DATA\04_CLIMATE\CHIRPS-v3\monthly-global-tif\chirps-v3.0.2016.09.tif","23696804","302F7F7E466A864C122485FDC2E2DD257D8FE82AAFCBFFA515D9DB3AA614FCF5","Verify official current attribution/licence before redistribution","Existing complete TIFF passed minimum size and byte-order signature checks.","2026-10-10T09:38:15.3227096+05:30"
"20261010-093810","DLA-008","CHIRPS v3 monthly global rainfall GeoTIFF","chirps-v3.0.2016.10.tif","https://data.chc.ucsb.edu/products/CHIRPS/v3.0/monthly/global/tifs/chirps-v3.0.2016.10.tif","ftp://ftp.chc.ucsb.edu/pub/org/chc/products/CHIRPS/v3.0/monthly/global/tifs/chirps-v3.0.2016.10.tif","SKIPPED_EXISTING_VALID","01_RAW_DATA\04_CLIMATE\CHIRPS-v3\monthly-global-tif\chirps-v3.0.2016.10.tif","23173082","50488FA71331E4D392B4B149A7190247E102E1A76F0667A22872698BA50BC903","Verify official current attribution/licence before redistribution","Existing complete TIFF passed minimum size and byte-order signature checks.","2026-10-10T09:38:15.6462313+05:30"
"20261010-093810","DLA-008","CHIRPS v3 monthly global rainfall GeoTIFF","chirps-v3.0.2016.11.tif","https://data.chc.ucsb.edu/products/CHIRPS/v3.0/monthly/global/tifs/chirps-v3.0.2016.11.tif","ftp://ftp.chc.ucsb.edu/pub/org/chc/products/CHIRPS/v3.0/monthly/global/tifs/chirps-v3.0.2016.11.tif","SKIPPED_EXISTING_VALID","01_RAW_DATA\04_CLIMATE\CHIRPS-v3\monthly-global-tif\chirps-v3.0.2016.11.tif","23287270","185109B6F558CA91D40206549F4760B81BD26D1D1DE356EAE0FA512AB29EA2AE","Verify official current attribution/licence before redistribution","Existing complete TIFF passed minimum size and byte-order signature checks.","2026-10-10T09:38:16.1226050+05:30"
"20261010-093810","DLA-008","CHIRPS v3 monthly global rainfall GeoTIFF","chirps-v3.0.2016.12.tif","https://data.chc.ucsb.edu/products/CHIRPS/v3.0/monthly/global/tifs/chirps-v3.0.2016.12.tif","ftp://ftp.chc.ucsb.edu/pub/org/chc/products/CHIRPS/v3.0/monthly/global/tifs/chirps-v3.0.2016.12.tif","SKIPPED_EXISTING_VALID","01_RAW_DATA\04_CLIMATE\CHIRPS-v3\monthly-global-tif\chirps-v3.0.2016.12.tif","23147200","3E58327A07ECB5CAAB610B9E0C037176969283B6CD35ADE2ACFED6D154256476","Verify official current attribution/licence before redistribution","Existing complete TIFF passed minimum size and byte-order signature checks.","2026-10-10T09:38:16.6473142+05:30"
"20261010-093810","DLA-008","CHIRPS v3 monthly global rainfall GeoTIFF","chirps-v3.0.2017.01.tif","https://data.chc.ucsb.edu/products/CHIRPS/v3.0/monthly/global/tifs/chirps-v3.0.2017.01.tif","ftp://ftp.chc.ucsb.edu/pub/org/chc/products/CHIRPS/v3.0/monthly/global/tifs/chirps-v3.0.2017.01.tif","SKIPPED_EXISTING_VALID","01_RAW_DATA\04_CLIMATE\CHIRPS-v3\monthly-global-tif\chirps-v3.0.2017.01.tif","22793516","D25AF05DF46BE16F36EE7CAB31D9FD919F01660B268CB52B8C2A031508026F3F","Verify official current attribution/licence before redistribution","Existing complete TIFF passed minimum size and byte-order signature checks.","2026-10-10T09:38:17.3361438+05:30"
"20261010-093810","DLA-008","CHIRPS v3 monthly global rainfall GeoTIFF","chirps-v3.0.2017.02.tif","https://data.chc.ucsb.edu/products/CHIRPS/v3.0/monthly/global/tifs/chirps-v3.0.2017.02.tif","ftp://ftp.chc.ucsb.edu/pub/org/chc/products/CHIRPS/v3.0/monthly/global/tifs/chirps-v3.0.2017.02.tif","SKIPPED_EXISTING_VALID","01_RAW_DATA\04_CLIMATE\CHIRPS-v3\monthly-global-tif\chirps-v3.0.2017.02.tif","22332872","46BE8107FEE3064953EA60FCB5B7A5E81ED57F8226C2EAD37BED128DF746899F","Verify official current attribution/licence before redistribution","Existing complete TIFF passed minimum size and byte-order signature checks.","2026-10-10T09:38:17.6555959+05:30"
"20261010-093810","DLA-008","CHIRPS v3 monthly global rainfall GeoTIFF","chirps-v3.0.2017.03.tif","https://data.chc.ucsb.edu/products/CHIRPS/v3.0/monthly/global/tifs/chirps-v3.0.2017.03.tif","ftp://ftp.chc.ucsb.edu/pub/org/chc/products/CHIRPS/v3.0/monthly/global/tifs/chirps-v3.0.2017.03.tif","SKIPPED_EXISTING_VALID","01_RAW_DATA\04_CLIMATE\CHIRPS-v3\monthly-global-tif\chirps-v3.0.2017.03.tif","21000122","E24538637EFFAE5DDFF4D079507788C3699F37CAFCD24D3A8FFC2C1DA3BAD267","Verify official current attribution/licence before redistribution","Existing complete TIFF passed minimum size and byte-order signature checks.","2026-10-10T09:38:17.9533764+05:30"
"20261010-093810","DLA-008","CHIRPS v3 monthly global rainfall GeoTIFF","chirps-v3.0.2017.04.tif","https://data.chc.ucsb.edu/products/CHIRPS/v3.0/monthly/global/tifs/chirps-v3.0.2017.04.tif","ftp://ftp.chc.ucsb.edu/pub/org/chc/products/CHIRPS/v3.0/monthly/global/tifs/chirps-v3.0.2017.04.tif","SKIPPED_EXISTING_VALID","01_RAW_DATA\04_CLIMATE\CHIRPS-v3\monthly-global-tif\chirps-v3.0.2017.04.tif","23154746","13F58C6C4A1C6C63C364FF7ED81CA26830EA065DCB1A17F356685B43D9D5EEA5","Verify official current attribution/licence before redistribution","Existing complete TIFF passed minimum size and byte-order signature checks.","2026-10-10T09:38:18.3665175+05:30"
"20261010-093810","DLA-008","CHIRPS v3 monthly global rainfall GeoTIFF","chirps-v3.0.2017.05.tif","https://data.chc.ucsb.edu/products/CHIRPS/v3.0/monthly/global/tifs/chirps-v3.0.2017.05.tif","ftp://ftp.chc.ucsb.edu/pub/org/chc/products/CHIRPS/v3.0/monthly/global/tifs/chirps-v3.0.2017.05.tif","SKIPPED_EXISTING_VALID","01_RAW_DATA\04_CLIMATE\CHIRPS-v3\monthly-global-tif\chirps-v3.0.2017.05.tif","23627774","D0EC19CF6BA9F92465C702D59A15120C73CCE770C072D37471017DB2756309AF","Verify official current attribution/licence before redistribution","Existing complete TIFF passed minimum size and byte-order signature checks.","2026-10-10T09:38:18.8088729+05:30"
"20261010-093810","DLA-008","CHIRPS v3 monthly global rainfall GeoTIFF","chirps-v3.0.2017.06.tif","https://data.chc.ucsb.edu/products/CHIRPS/v3.0/monthly/global/tifs/chirps-v3.0.2017.06.tif","ftp://ftp.chc.ucsb.edu/pub/org/chc/products/CHIRPS/v3.0/monthly/global/tifs/chirps-v3.0.2017.06.tif","SKIPPED_EXISTING_VALID","01_RAW_DATA\04_CLIMATE\CHIRPS-v3\monthly-global-tif\chirps-v3.0.2017.06.tif","23379294","CF9F11643EF71F481A9410DF5A8AFF8FF023323CCE6289A08211A600745C5CBC","Verify official current attribution/licence before redistribution","Existing complete TIFF passed minimum size and byte-order signature checks.","2026-10-10T09:38:19.1653336+05:30"
"20261010-093810","DLA-008","CHIRPS v3 monthly global rainfall GeoTIFF","chirps-v3.0.2017.07.tif","https://data.chc.ucsb.edu/products/CHIRPS/v3.0/monthly/global/tifs/chirps-v3.0.2017.07.tif","ftp://ftp.chc.ucsb.edu/pub/org/chc/products/CHIRPS/v3.0/monthly/global/tifs/chirps-v3.0.2017.07.tif","SKIPPED_EXISTING_VALID","01_RAW_DATA\04_CLIMATE\CHIRPS-v3\monthly-global-tif\chirps-v3.0.2017.07.tif","23295314","DD7C25F1C928154DF83CD016E1F984E221360EAF631B14D6B447AB8DBA300BB1","Verify official current attribution/licence before redistribution","Existing complete TIFF passed minimum size and byte-order signature checks.","2026-10-10T09:38:19.7565797+05:30"
"20261010-093810","DLA-008","CHIRPS v3 monthly global rainfall GeoTIFF","chirps-v3.0.2017.08.tif","https://data.chc.ucsb.edu/products/CHIRPS/v3.0/monthly/global/tifs/chirps-v3.0.2017.08.tif","ftp://ftp.chc.ucsb.edu/pub/org/chc/products/CHIRPS/v3.0/monthly/global/tifs/chirps-v3.0.2017.08.tif","SKIPPED_EXISTING_VALID","01_RAW_DATA\04_CLIMATE\CHIRPS-v3\monthly-global-tif\chirps-v3.0.2017.08.tif","23737698","9D7B144768F095DBCBB7EB895077A5043B89D187AC9EC17E474CCA6569F26C8A","Verify official current attribution/licence before redistribution","Existing complete TIFF passed minimum size and byte-order signature checks.","2026-10-10T09:38:20.1547881+05:30"
"20261010-093810","DLA-008","CHIRPS v3 monthly global rainfall GeoTIFF","chirps-v3.0.2017.09.tif","https://data.chc.ucsb.edu/products/CHIRPS/v3.0/monthly/global/tifs/chirps-v3.0.2017.09.tif","ftp://ftp.chc.ucsb.edu/pub/org/chc/products/CHIRPS/v3.0/monthly/global/tifs/chirps-v3.0.2017.09.tif","SKIPPED_EXISTING_VALID","01_RAW_DATA\04_CLIMATE\CHIRPS-v3\monthly-global-tif\chirps-v3.0.2017.09.tif","23786518","11AF6391D18ED18B89A3B559540A09CC5A6A9F9FEDD2F4B2DDE91845C656BF53","Verify official current attribution/licence before redistribution","Existing complete TIFF passed minimum size and byte-order signature checks.","2026-10-10T09:38:20.5363322+05:30"
"20261010-093810","DLA-008","CHIRPS v3 monthly global rainfall GeoTIFF","chirps-v3.0.2017.10.tif","https://data.chc.ucsb.edu/products/CHIRPS/v3.0/monthly/global/tifs/chirps-v3.0.2017.10.tif","ftp://ftp.chc.ucsb.edu/pub/org/chc/products/CHIRPS/v3.0/monthly/global/tifs/chirps-v3.0.2017.10.tif","SKIPPED_EXISTING_VALID","01_RAW_DATA\04_CLIMATE\CHIRPS-v3\monthly-global-tif\chirps-v3.0.2017.10.tif","22904980","D5A566E47E54FF820ABFC98F5853570A7F0A81060889DDD07BCE183E1FFED153","Verify official current attribution/licence before redistribution","Existing complete TIFF passed minimum size and byte-order signature checks.","2026-10-10T09:38:21.1831337+05:30"
"20261010-093810","DLA-008","CHIRPS v3 monthly global rainfall GeoTIFF","chirps-v3.0.2017.11.tif","https://data.chc.ucsb.edu/products/CHIRPS/v3.0/monthly/global/tifs/chirps-v3.0.2017.11.tif","ftp://ftp.chc.ucsb.edu/pub/org/chc/products/CHIRPS/v3.0/monthly/global/tifs/chirps-v3.0.2017.11.tif","SKIPPED_EXISTING_VALID","01_RAW_DATA\04_CLIMATE\CHIRPS-v3\monthly-global-tif\chirps-v3.0.2017.11.tif","22569682","F033F962365FA7AFD43FF3EC8D2F3E27C44F708266EBCF12EA8DECD88E19D7F0","Verify official current attribution/licence before redistribution","Existing complete TIFF passed minimum size and byte-order signature checks.","2026-10-10T09:38:21.6157659+05:30"
"20261010-093810","DLA-008","CHIRPS v3 monthly global rainfall GeoTIFF","chirps-v3.0.2017.12.tif","https://data.chc.ucsb.edu/products/CHIRPS/v3.0/monthly/global/tifs/chirps-v3.0.2017.12.tif","ftp://ftp.chc.ucsb.edu/pub/org/chc/products/CHIRPS/v3.0/monthly/global/tifs/chirps-v3.0.2017.12.tif","SKIPPED_EXISTING_VALID","01_RAW_DATA\04_CLIMATE\CHIRPS-v3\monthly-global-tif\chirps-v3.0.2017.12.tif","23107642","861799161892DE251DA0210EEFCD3F53A0C6BBDA433C3AF495336D9222C0BA82","Verify official current attribution/licence before redistribution","Existing complete TIFF passed minimum size and byte-order signature checks.","2026-10-10T09:38:22.3475305+05:30"
"20261010-093810","DLA-008","CHIRPS v3 monthly global rainfall GeoTIFF","chirps-v3.0.2018.01.tif","https://data.chc.ucsb.edu/products/CHIRPS/v3.0/monthly/global/tifs/chirps-v3.0.2018.01.tif","ftp://ftp.chc.ucsb.edu/pub/org/chc/products/CHIRPS/v3.0/monthly/global/tifs/chirps-v3.0.2018.01.tif","SKIPPED_EXISTING_VALID","01_RAW_DATA\04_CLIMATE\CHIRPS-v3\monthly-global-tif\chirps-v3.0.2018.01.tif","22294268","771E6AD2B0F89BE1E5FF761A16D6A0F997BDC383F476B2F59FA835BA024FF0AB","Verify official current attribution/licence before redistribution","Existing complete TIFF passed minimum size and byte-order signature checks.","2026-10-10T09:38:22.7104595+05:30"
"20261010-093810","DLA-008","CHIRPS v3 monthly global rainfall GeoTIFF","chirps-v3.0.2018.02.tif","https://data.chc.ucsb.edu/products/CHIRPS/v3.0/monthly/global/tifs/chirps-v3.0.2018.02.tif","ftp://ftp.chc.ucsb.edu/pub/org/chc/products/CHIRPS/v3.0/monthly/global/tifs/chirps-v3.0.2018.02.tif","SKIPPED_EXISTING_VALID","01_RAW_DATA\04_CLIMATE\CHIRPS-v3\monthly-global-tif\chirps-v3.0.2018.02.tif","22927708","84B10846F68C9B9D7AE076BFD7BD3432F5B079EAA8122193556C7601610E72E3","Verify official current attribution/licence before redistribution","Existing complete TIFF passed minimum size and byte-order signature checks.","2026-10-10T09:38:23.2424584+05:30"
"20261010-093810","DLA-008","CHIRPS v3 monthly global rainfall GeoTIFF","chirps-v3.0.2018.03.tif","https://data.chc.ucsb.edu/products/CHIRPS/v3.0/monthly/global/tifs/chirps-v3.0.2018.03.tif","ftp://ftp.chc.ucsb.edu/pub/org/chc/products/CHIRPS/v3.0/monthly/global/tifs/chirps-v3.0.2018.03.tif","SKIPPED_EXISTING_VALID","01_RAW_DATA\04_CLIMATE\CHIRPS-v3\monthly-global-tif\chirps-v3.0.2018.03.tif","22819604","D05777C4E7B62C35DB77E62C0F7DBE0307C75BCFEC15DFD17F43B842BD006E73","Verify official current attribution/licence before redistribution","Existing complete TIFF passed minimum size and byte-order signature checks.","2026-10-10T09:38:23.7833184+05:30"
"20261010-093810","DLA-008","CHIRPS v3 monthly global rainfall GeoTIFF","chirps-v3.0.2018.04.tif","https://data.chc.ucsb.edu/products/CHIRPS/v3.0/monthly/global/tifs/chirps-v3.0.2018.04.tif","ftp://ftp.chc.ucsb.edu/pub/org/chc/products/CHIRPS/v3.0/monthly/global/tifs/chirps-v3.0.2018.04.tif","SKIPPED_EXISTING_VALID","01_RAW_DATA\04_CLIMATE\CHIRPS-v3\monthly-global-tif\chirps-v3.0.2018.04.tif","22851876","647D51BA56572661F18352ECE5934B68FBA8741E2A7169B07955CB244FE1AA02","Verify official current attribution/licence before redistribution","Existing complete TIFF passed minimum size and byte-order signature checks.","2026-10-10T09:38:24.1366734+05:30"
"20261010-093810","DLA-008","CHIRPS v3 monthly global rainfall GeoTIFF","chirps-v3.0.2018.05.tif","https://data.chc.ucsb.edu/products/CHIRPS/v3.0/monthly/global/tifs/chirps-v3.0.2018.05.tif","ftp://ftp.chc.ucsb.edu/pub/org/chc/products/CHIRPS/v3.0/monthly/global/tifs/chirps-v3.0.2018.05.tif","SKIPPED_EXISTING_VALID","01_RAW_DATA\04_CLIMATE\CHIRPS-v3\monthly-global-tif\chirps-v3.0.2018.05.tif","23517500","1F0A0702EC048B656862BEACD8008529FF11E1B0CFB83028E3D6447B0F41BCE0","Verify official current attribution/licence before redistribution","Existing complete TIFF passed minimum size and byte-order signature checks.","2026-10-10T09:38:24.4973893+05:30"
"20261010-093810","DLA-008","CHIRPS v3 monthly global rainfall GeoTIFF","chirps-v3.0.2018.06.tif","https://data.chc.ucsb.edu/products/CHIRPS/v3.0/monthly/global/tifs/chirps-v3.0.2018.06.tif","ftp://ftp.chc.ucsb.edu/pub/org/chc/products/CHIRPS/v3.0/monthly/global/tifs/chirps-v3.0.2018.06.tif","SKIPPED_EXISTING_VALID","01_RAW_DATA\04_CLIMATE\CHIRPS-v3\monthly-global-tif\chirps-v3.0.2018.06.tif","23069966","7096DA3D57EC461A8412CD2D9AAA43147405A5F7A249EFB0ACB1950916F788B5","Verify official current attribution/licence before redistribution","Existing complete TIFF passed minimum size and byte-order signature checks.","2026-10-10T09:38:25.3395399+05:30"
"20261010-093810","DLA-008","CHIRPS v3 monthly global rainfall GeoTIFF","chirps-v3.0.2018.07.tif","https://data.chc.ucsb.edu/products/CHIRPS/v3.0/monthly/global/tifs/chirps-v3.0.2018.07.tif","ftp://ftp.chc.ucsb.edu/pub/org/chc/products/CHIRPS/v3.0/monthly/global/tifs/chirps-v3.0.2018.07.tif","SKIPPED_EXISTING_VALID","01_RAW_DATA\04_CLIMATE\CHIRPS-v3\monthly-global-tif\chirps-v3.0.2018.07.tif","23522956","094DD04E3D609AACADBECDA86927B4A004A695C033659D321395C32129370570","Verify official current attribution/licence before redistribution","Existing complete TIFF passed minimum size and byte-order signature checks.","2026-10-10T09:38:25.6723693+05:30"
"20261010-093810","DLA-008","CHIRPS v3 monthly global rainfall GeoTIFF","chirps-v3.0.2018.08.tif","https://data.chc.ucsb.edu/products/CHIRPS/v3.0/monthly/global/tifs/chirps-v3.0.2018.08.tif","ftp://ftp.chc.ucsb.edu/pub/org/chc/products/CHIRPS/v3.0/monthly/global/tifs/chirps-v3.0.2018.08.tif","SKIPPED_EXISTING_VALID","01_RAW_DATA\04_CLIMATE\CHIRPS-v3\monthly-global-tif\chirps-v3.0.2018.08.tif","24044872","7E7C5CBBF8EDD77A06DD3B839FA11BDBCF9247257D46BD64DAB2FDBEDA13F597","Verify official current attribution/licence before redistribution","Existing complete TIFF passed minimum size and byte-order signature checks.","2026-10-10T09:38:26.0247153+05:30"
"20261010-093810","DLA-008","CHIRPS v3 monthly global rainfall GeoTIFF","chirps-v3.0.2018.09.tif","https://data.chc.ucsb.edu/products/CHIRPS/v3.0/monthly/global/tifs/chirps-v3.0.2018.09.tif","ftp://ftp.chc.ucsb.edu/pub/org/chc/products/CHIRPS/v3.0/monthly/global/tifs/chirps-v3.0.2018.09.tif","SKIPPED_EXISTING_VALID","01_RAW_DATA\04_CLIMATE\CHIRPS-v3\monthly-global-tif\chirps-v3.0.2018.09.tif","24066120","3FF51CC24A6955B466690B20DA031246C792A08ED9656E67F58A71114D9805E0","Verify official current attribution/licence before redistribution","Existing complete TIFF passed minimum size and byte-order signature checks.","2026-10-10T09:38:26.3545203+05:30"
"20261010-093810","DLA-008","CHIRPS v3 monthly global rainfall GeoTIFF","chirps-v3.0.2018.10.tif","https://data.chc.ucsb.edu/products/CHIRPS/v3.0/monthly/global/tifs/chirps-v3.0.2018.10.tif","ftp://ftp.chc.ucsb.edu/pub/org/chc/products/CHIRPS/v3.0/monthly/global/tifs/chirps-v3.0.2018.10.tif","SKIPPED_EXISTING_VALID","01_RAW_DATA\04_CLIMATE\CHIRPS-v3\monthly-global-tif\chirps-v3.0.2018.10.tif","24020038","F7E8FDA920B1ED917CF38A48DC1C1AACF9CEE010E5E8A2220DD5A239426CF7D6","Verify official current attribution/licence before redistribution","Existing complete TIFF passed minimum size and byte-order signature checks.","2026-10-10T09:38:26.7240685+05:30"
"20261010-093810","DLA-008","CHIRPS v3 monthly global rainfall GeoTIFF","chirps-v3.0.2018.11.tif","https://data.chc.ucsb.edu/products/CHIRPS/v3.0/monthly/global/tifs/chirps-v3.0.2018.11.tif","ftp://ftp.chc.ucsb.edu/pub/org/chc/products/CHIRPS/v3.0/monthly/global/tifs/chirps-v3.0.2018.11.tif","SKIPPED_EXISTING_VALID","01_RAW_DATA\04_CLIMATE\CHIRPS-v3\monthly-global-tif\chirps-v3.0.2018.11.tif","23720666","14C177AB304F9F97CC96A41344B2F2052CE2D057008BBBC609A9658F8C7ADDA5","Verify official current attribution/licence before redistribution","Existing complete TIFF passed minimum size and byte-order signature checks.","2026-10-10T09:38:27.3622045+05:30"
"20261010-093810","DLA-008","CHIRPS v3 monthly global rainfall GeoTIFF","chirps-v3.0.2018.12.tif","https://data.chc.ucsb.edu/products/CHIRPS/v3.0/monthly/global/tifs/chirps-v3.0.2018.12.tif","ftp://ftp.chc.ucsb.edu/pub/org/chc/products/CHIRPS/v3.0/monthly/global/tifs/chirps-v3.0.2018.12.tif","SKIPPED_EXISTING_VALID","01_RAW_DATA\04_CLIMATE\CHIRPS-v3\monthly-global-tif\chirps-v3.0.2018.12.tif","22889158","2ED32790C19F14798CBB966D54C27F9138BFCAFF017DB8E0DBA444E82B2A87E1","Verify official current attribution/licence before redistribution","Existing complete TIFF passed minimum size and byte-order signature checks.","2026-10-10T09:38:27.7473226+05:30"
"20261010-093810","DLA-008","CHIRPS v3 monthly global rainfall GeoTIFF","chirps-v3.0.2019.01.tif","https://data.chc.ucsb.edu/products/CHIRPS/v3.0/monthly/global/tifs/chirps-v3.0.2019.01.tif","ftp://ftp.chc.ucsb.edu/pub/org/chc/products/CHIRPS/v3.0/monthly/global/tifs/chirps-v3.0.2019.01.tif","SKIPPED_EXISTING_VALID","01_RAW_DATA\04_CLIMATE\CHIRPS-v3\monthly-global-tif\chirps-v3.0.2019.01.tif","23026352","49EA4B3D8E84BBB5CFA9058F37053CEF45398453E0F89839C01020B16D007BBF","Verify official current attribution/licence before redistribution","Existing complete TIFF passed minimum size and byte-order signature checks.","2026-10-10T09:38:28.5777910+05:30"
"20261010-093810","DLA-008","CHIRPS v3 monthly global rainfall GeoTIFF","chirps-v3.0.2019.02.tif","https://data.chc.ucsb.edu/products/CHIRPS/v3.0/monthly/global/tifs/chirps-v3.0.2019.02.tif","ftp://ftp.chc.ucsb.edu/pub/org/chc/products/CHIRPS/v3.0/monthly/global/tifs/chirps-v3.0.2019.02.tif","SKIPPED_EXISTING_VALID","01_RAW_DATA\04_CLIMATE\CHIRPS-v3\monthly-global-tif\chirps-v3.0.2019.02.tif","22819824","C1893C3856CA5D102AB1E5D89D8E416024716C0B4FAD0EB4DDB9A67EA3C4DAB8","Verify official current attribution/licence before redistribution","Existing complete TIFF passed minimum size and byte-order signature checks.","2026-10-10T09:38:29.1510546+05:30"
"20261010-093810","DLA-008","CHIRPS v3 monthly global rainfall GeoTIFF","chirps-v3.0.2019.03.tif","https://data.chc.ucsb.edu/products/CHIRPS/v3.0/monthly/global/tifs/chirps-v3.0.2019.03.tif","ftp://ftp.chc.ucsb.edu/pub/org/chc/products/CHIRPS/v3.0/monthly/global/tifs/chirps-v3.0.2019.03.tif","SKIPPED_EXISTING_VALID","01_RAW_DATA\04_CLIMATE\CHIRPS-v3\monthly-global-tif\chirps-v3.0.2019.03.tif","22080132","EA98ED1C19B6E12D989F18BF094266E6261B51A570AAE47C32108CA54A22C34E","Verify official current attribution/licence before redistribution","Existing complete TIFF passed minimum size and byte-order signature checks.","2026-10-10T09:38:29.5241918+05:30"
"20261010-093810","DLA-008","CHIRPS v3 monthly global rainfall GeoTIFF","chirps-v3.0.2019.04.tif","https://data.chc.ucsb.edu/products/CHIRPS/v3.0/monthly/global/tifs/chirps-v3.0.2019.04.tif","ftp://ftp.chc.ucsb.edu/pub/org/chc/products/CHIRPS/v3.0/monthly/global/tifs/chirps-v3.0.2019.04.tif","SKIPPED_EXISTING_VALID","01_RAW_DATA\04_CLIMATE\CHIRPS-v3\monthly-global-tif\chirps-v3.0.2019.04.tif","23155478","D47C3DD4EE7AC5FB36606875D73F625E68353783028BC9BE70452E7ABBDD9517","Verify official current attribution/licence before redistribution","Existing complete TIFF passed minimum size and byte-order signature checks.","2026-10-10T09:38:30.1762235+05:30"
"20261010-093810","DLA-008","CHIRPS v3 monthly global rainfall GeoTIFF","chirps-v3.0.2019.05.tif","https://data.chc.ucsb.edu/products/CHIRPS/v3.0/monthly/global/tifs/chirps-v3.0.2019.05.tif","ftp://ftp.chc.ucsb.edu/pub/org/chc/products/CHIRPS/v3.0/monthly/global/tifs/chirps-v3.0.2019.05.tif","SKIPPED_EXISTING_VALID","01_RAW_DATA\04_CLIMATE\CHIRPS-v3\monthly-global-tif\chirps-v3.0.2019.05.tif","23367788","D8F8C7749A38E8B58280B2FF96759C85B8CD7F13EC6B6EE67C586227E864E827","Verify official current attribution/licence before redistribution","Existing complete TIFF passed minimum size and byte-order signature checks.","2026-10-10T09:38:30.7533774+05:30"
"20261010-093810","DLA-008","CHIRPS v3 monthly global rainfall GeoTIFF","chirps-v3.0.2019.06.tif","https://data.chc.ucsb.edu/products/CHIRPS/v3.0/monthly/global/tifs/chirps-v3.0.2019.06.tif","ftp://ftp.chc.ucsb.edu/pub/org/chc/products/CHIRPS/v3.0/monthly/global/tifs/chirps-v3.0.2019.06.tif","SKIPPED_EXISTING_VALID","01_RAW_DATA\04_CLIMATE\CHIRPS-v3\monthly-global-tif\chirps-v3.0.2019.06.tif","23047124","FC5B9A38599134B5FEB4DB8788F85C62DC5D88EB38ED05CFFB32A59CDA139966","Verify official current attribution/licence before redistribution","Existing complete TIFF passed minimum size and byte-order signature checks.","2026-10-10T09:38:31.4498366+05:30"
"20261010-093810","DLA-008","CHIRPS v3 monthly global rainfall GeoTIFF","chirps-v3.0.2019.07.tif","https://data.chc.ucsb.edu/products/CHIRPS/v3.0/monthly/global/tifs/chirps-v3.0.2019.07.tif","ftp://ftp.chc.ucsb.edu/pub/org/chc/products/CHIRPS/v3.0/monthly/global/tifs/chirps-v3.0.2019.07.tif","SKIPPED_EXISTING_VALID","01_RAW_DATA\04_CLIMATE\CHIRPS-v3\monthly-global-tif\chirps-v3.0.2019.07.tif","23638112","A8CF95E4CBA8452A90612B4E4A259B9B0121DB2B10E5428DB73520C6488300EE","Verify official current attribution/licence before redistribution","Existing complete TIFF passed minimum size and byte-order signature checks.","2026-10-10T09:38:32.0778967+05:30"
"20261010-093810","DLA-008","CHIRPS v3 monthly global rainfall GeoTIFF","chirps-v3.0.2019.08.tif","https://data.chc.ucsb.edu/products/CHIRPS/v3.0/monthly/global/tifs/chirps-v3.0.2019.08.tif","ftp://ftp.chc.ucsb.edu/pub/org/chc/products/CHIRPS/v3.0/monthly/global/tifs/chirps-v3.0.2019.08.tif","SKIPPED_EXISTING_VALID","01_RAW_DATA\04_CLIMATE\CHIRPS-v3\monthly-global-tif\chirps-v3.0.2019.08.tif","23784622","AF4845BB306B78500FCFCE213663E3FA7424C72EE241199395A8D7F29229273D","Verify official current attribution/licence before redistribution","Existing complete TIFF passed minimum size and byte-order signature checks.","2026-10-10T09:38:32.6390554+05:30"
"20261010-093810","DLA-008","CHIRPS v3 monthly global rainfall GeoTIFF","chirps-v3.0.2019.09.tif","https://data.chc.ucsb.edu/products/CHIRPS/v3.0/monthly/global/tifs/chirps-v3.0.2019.09.tif","ftp://ftp.chc.ucsb.edu/pub/org/chc/products/CHIRPS/v3.0/monthly/global/tifs/chirps-v3.0.2019.09.tif","SKIPPED_EXISTING_VALID","01_RAW_DATA\04_CLIMATE\CHIRPS-v3\monthly-global-tif\chirps-v3.0.2019.09.tif","23790208","C64DC326AA38C002B08E5499C8A06B324EEDFD196100CCC9B4E85282C9AABAD6","Verify official current attribution/licence before redistribution","Existing complete TIFF passed minimum size and byte-order signature checks.","2026-10-10T09:38:33.4426484+05:30"
"20261010-093810","DLA-008","CHIRPS v3 monthly global rainfall GeoTIFF","chirps-v3.0.2019.10.tif","https://data.chc.ucsb.edu/products/CHIRPS/v3.0/monthly/global/tifs/chirps-v3.0.2019.10.tif","ftp://ftp.chc.ucsb.edu/pub/org/chc/products/CHIRPS/v3.0/monthly/global/tifs/chirps-v3.0.2019.10.tif","SKIPPED_EXISTING_VALID","01_RAW_DATA\04_CLIMATE\CHIRPS-v3\monthly-global-tif\chirps-v3.0.2019.10.tif","23361372","309CEEBA67B8AF5C8CD353852594B322AF54FFF22958F75CF228639CA772288C","Verify official current attribution/licence before redistribution","Existing complete TIFF passed minimum size and byte-order signature checks.","2026-10-10T09:38:33.7647452+05:30"
"20261010-093810","DLA-008","CHIRPS v3 monthly global rainfall GeoTIFF","chirps-v3.0.2019.11.tif","https://data.chc.ucsb.edu/products/CHIRPS/v3.0/monthly/global/tifs/chirps-v3.0.2019.11.tif","ftp://ftp.chc.ucsb.edu/pub/org/chc/products/CHIRPS/v3.0/monthly/global/tifs/chirps-v3.0.2019.11.tif","SKIPPED_EXISTING_VALID","01_RAW_DATA\04_CLIMATE\CHIRPS-v3\monthly-global-tif\chirps-v3.0.2019.11.tif","22861682","BFF77913FA007783466411D5FAB8318272AAEF392B6427B49F37AAC7BE8BA0C4","Verify official current attribution/licence before redistribution","Existing complete TIFF passed minimum size and byte-order signature checks.","2026-10-10T09:38:34.0843097+05:30"
"20261010-093810","DLA-008","CHIRPS v3 monthly global rainfall GeoTIFF","chirps-v3.0.2019.12.tif","https://data.chc.ucsb.edu/products/CHIRPS/v3.0/monthly/global/tifs/chirps-v3.0.2019.12.tif","ftp://ftp.chc.ucsb.edu/pub/org/chc/products/CHIRPS/v3.0/monthly/global/tifs/chirps-v3.0.2019.12.tif","SKIPPED_EXISTING_VALID","01_RAW_DATA\04_CLIMATE\CHIRPS-v3\monthly-global-tif\chirps-v3.0.2019.12.tif","22642152","75F2A8196BAC66BC961A132DEA17B91426C769D05CF0C9EE0FE2224EA59BA693","Verify official current attribution/licence before redistribution","Existing complete TIFF passed minimum size and byte-order signature checks.","2026-10-10T09:38:34.4021254+05:30"
"20261010-093810","DLA-008","CHIRPS v3 monthly global rainfall GeoTIFF","chirps-v3.0.2020.01.tif","https://data.chc.ucsb.edu/products/CHIRPS/v3.0/monthly/global/tifs/chirps-v3.0.2020.01.tif","ftp://ftp.chc.ucsb.edu/pub/org/chc/products/CHIRPS/v3.0/monthly/global/tifs/chirps-v3.0.2020.01.tif","SKIPPED_EXISTING_VALID","01_RAW_DATA\04_CLIMATE\CHIRPS-v3\monthly-global-tif\chirps-v3.0.2020.01.tif","21719760","1478C7453C047F2468F9EFBC1291EEE4F9B067DE91DD8D22158ED1409B4152E8","Verify official current attribution/licence before redistribution","Existing complete TIFF passed minimum size and byte-order signature checks.","2026-10-10T09:38:34.7798875+05:30"
"20261010-093810","DLA-008","CHIRPS v3 monthly global rainfall GeoTIFF","chirps-v3.0.2020.02.tif","https://data.chc.ucsb.edu/products/CHIRPS/v3.0/monthly/global/tifs/chirps-v3.0.2020.02.tif","ftp://ftp.chc.ucsb.edu/pub/org/chc/products/CHIRPS/v3.0/monthly/global/tifs/chirps-v3.0.2020.02.tif","SKIPPED_EXISTING_VALID","01_RAW_DATA\04_CLIMATE\CHIRPS-v3\monthly-global-tif\chirps-v3.0.2020.02.tif","21692780","4EEB1A7C7FDF4C6AA4358DDF7B4DD4F6A06BC23FE7E36BEB0577909A628A14B1","Verify official current attribution/licence before redistribution","Existing complete TIFF passed minimum size and byte-order signature checks.","2026-10-10T09:38:35.1720598+05:30"
"20261010-093810","DLA-008","CHIRPS v3 monthly global rainfall GeoTIFF","chirps-v3.0.2020.03.tif","https://data.chc.ucsb.edu/products/CHIRPS/v3.0/monthly/global/tifs/chirps-v3.0.2020.03.tif","ftp://ftp.chc.ucsb.edu/pub/org/chc/products/CHIRPS/v3.0/monthly/global/tifs/chirps-v3.0.2020.03.tif","SKIPPED_EXISTING_VALID","01_RAW_DATA\04_CLIMATE\CHIRPS-v3\monthly-global-tif\chirps-v3.0.2020.03.tif","21719766","4EC2073E426271F470D60EFD9602F4B2983A9BB9598FB34028F5009AE21006AD","Verify official current attribution/licence before redistribution","Existing complete TIFF passed minimum size and byte-order signature checks.","2026-10-10T09:38:35.5093571+05:30"
"20261010-093810","DLA-008","CHIRPS v3 monthly global rainfall GeoTIFF","chirps-v3.0.2020.04.tif","https://data.chc.ucsb.edu/products/CHIRPS/v3.0/monthly/global/tifs/chirps-v3.0.2020.04.tif","ftp://ftp.chc.ucsb.edu/pub/org/chc/products/CHIRPS/v3.0/monthly/global/tifs/chirps-v3.0.2020.04.tif","SKIPPED_EXISTING_VALID","01_RAW_DATA\04_CLIMATE\CHIRPS-v3\monthly-global-tif\chirps-v3.0.2020.04.tif","22462258","DC9B14CBCEC21F02EAF9CCC8C42BF90AABC008393B7DBF1B5E4BDC3C94E56F24","Verify official current attribution/licence before redistribution","Existing complete TIFF passed minimum size and byte-order signature checks.","2026-10-10T09:38:36.2162195+05:30"
"20261010-093810","DLA-008","CHIRPS v3 monthly global rainfall GeoTIFF","chirps-v3.0.2020.05.tif","https://data.chc.ucsb.edu/products/CHIRPS/v3.0/monthly/global/tifs/chirps-v3.0.2020.05.tif","ftp://ftp.chc.ucsb.edu/pub/org/chc/products/CHIRPS/v3.0/monthly/global/tifs/chirps-v3.0.2020.05.tif","SKIPPED_EXISTING_VALID","01_RAW_DATA\04_CLIMATE\CHIRPS-v3\monthly-global-tif\chirps-v3.0.2020.05.tif","23086070","C20D105A0C6CAA942FA37BB29429C98ABF1234DC4FA271CD8095C2177F11CF36","Verify official current attribution/licence before redistribution","Existing complete TIFF passed minimum size and byte-order signature checks.","2026-10-10T09:38:36.6061231+05:30"
"20261010-093810","DLA-008","CHIRPS v3 monthly global rainfall GeoTIFF","chirps-v3.0.2020.06.tif","https://data.chc.ucsb.edu/products/CHIRPS/v3.0/monthly/global/tifs/chirps-v3.0.2020.06.tif","ftp://ftp.chc.ucsb.edu/pub/org/chc/products/CHIRPS/v3.0/monthly/global/tifs/chirps-v3.0.2020.06.tif","SKIPPED_EXISTING_VALID","01_RAW_DATA\04_CLIMATE\CHIRPS-v3\monthly-global-tif\chirps-v3.0.2020.06.tif","22886898","E8331A49CA667D66C2BAE805B41149B96022CC870F88ECB30681A704202D90A9","Verify official current attribution/licence before redistribution","Existing complete TIFF passed minimum size and byte-order signature checks.","2026-10-10T09:38:37.0017406+05:30"
"20261010-093810","DLA-008","CHIRPS v3 monthly global rainfall GeoTIFF","chirps-v3.0.2020.07.tif","https://data.chc.ucsb.edu/products/CHIRPS/v3.0/monthly/global/tifs/chirps-v3.0.2020.07.tif","ftp://ftp.chc.ucsb.edu/pub/org/chc/products/CHIRPS/v3.0/monthly/global/tifs/chirps-v3.0.2020.07.tif","SKIPPED_EXISTING_VALID","01_RAW_DATA\04_CLIMATE\CHIRPS-v3\monthly-global-tif\chirps-v3.0.2020.07.tif","23426742","D05A1726D0452593EB443045FB0B9EFE2261259465D87D6B2FF9E0524DF31757","Verify official current attribution/licence before redistribution","Existing complete TIFF passed minimum size and byte-order signature checks.","2026-10-10T09:38:37.3302926+05:30"
"20261010-093810","DLA-008","CHIRPS v3 monthly global rainfall GeoTIFF","chirps-v3.0.2020.08.tif","https://data.chc.ucsb.edu/products/CHIRPS/v3.0/monthly/global/tifs/chirps-v3.0.2020.08.tif","ftp://ftp.chc.ucsb.edu/pub/org/chc/products/CHIRPS/v3.0/monthly/global/tifs/chirps-v3.0.2020.08.tif","SKIPPED_EXISTING_VALID","01_RAW_DATA\04_CLIMATE\CHIRPS-v3\monthly-global-tif\chirps-v3.0.2020.08.tif","23574334","86529C52E0F6F550AFC548A4EA0C22E28D16427516D7C9B63773083F049526AD","Verify official current attribution/licence before redistribution","Existing complete TIFF passed minimum size and byte-order signature checks.","2026-10-10T09:38:37.6993758+05:30"
"20261010-093810","DLA-008","CHIRPS v3 monthly global rainfall GeoTIFF","chirps-v3.0.2020.09.tif","https://data.chc.ucsb.edu/products/CHIRPS/v3.0/monthly/global/tifs/chirps-v3.0.2020.09.tif","ftp://ftp.chc.ucsb.edu/pub/org/chc/products/CHIRPS/v3.0/monthly/global/tifs/chirps-v3.0.2020.09.tif","SKIPPED_EXISTING_VALID","01_RAW_DATA\04_CLIMATE\CHIRPS-v3\monthly-global-tif\chirps-v3.0.2020.09.tif","23695628","77E30D84EA686319F7674C4D350895CEA6BAF7D085E17882A3C07C4753FF09D4","Verify official current attribution/licence before redistribution","Existing complete TIFF passed minimum size and byte-order signature checks.","2026-10-10T09:38:38.3591174+05:30"
"20261010-093810","DLA-008","CHIRPS v3 monthly global rainfall GeoTIFF","chirps-v3.0.2020.10.tif","https://data.chc.ucsb.edu/products/CHIRPS/v3.0/monthly/global/tifs/chirps-v3.0.2020.10.tif","ftp://ftp.chc.ucsb.edu/pub/org/chc/products/CHIRPS/v3.0/monthly/global/tifs/chirps-v3.0.2020.10.tif","SKIPPED_EXISTING_VALID","01_RAW_DATA\04_CLIMATE\CHIRPS-v3\monthly-global-tif\chirps-v3.0.2020.10.tif","22607824","80EBF4292E95A9E5D520C118522AA9CCD34C2BC05813822E2705A3B4BFFFC7AA","Verify official current attribution/licence before redistribution","Existing complete TIFF passed minimum size and byte-order signature checks.","2026-10-10T09:38:38.7503930+05:30"
"20261010-093810","DLA-008","CHIRPS v3 monthly global rainfall GeoTIFF","chirps-v3.0.2020.11.tif","https://data.chc.ucsb.edu/products/CHIRPS/v3.0/monthly/global/tifs/chirps-v3.0.2020.11.tif","ftp://ftp.chc.ucsb.edu/pub/org/chc/products/CHIRPS/v3.0/monthly/global/tifs/chirps-v3.0.2020.11.tif","SKIPPED_EXISTING_VALID","01_RAW_DATA\04_CLIMATE\CHIRPS-v3\monthly-global-tif\chirps-v3.0.2020.11.tif","22264454","BFB1EA977F0290716809D537791ACC08F5CC98BE5936FBD877D10B963D2EBA60","Verify official current attribution/licence before redistribution","Existing complete TIFF passed minimum size and byte-order signature checks.","2026-10-10T09:38:39.1354459+05:30"
"20261010-093810","DLA-008","CHIRPS v3 monthly global rainfall GeoTIFF","chirps-v3.0.2020.12.tif","https://data.chc.ucsb.edu/products/CHIRPS/v3.0/monthly/global/tifs/chirps-v3.0.2020.12.tif","ftp://ftp.chc.ucsb.edu/pub/org/chc/products/CHIRPS/v3.0/monthly/global/tifs/chirps-v3.0.2020.12.tif","SKIPPED_EXISTING_VALID","01_RAW_DATA\04_CLIMATE\CHIRPS-v3\monthly-global-tif\chirps-v3.0.2020.12.tif","21050642","D23649C588D555AAD4147D2A9C19E160DD89528049E065ACA899EDB7F054336D","Verify official current attribution/licence before redistribution","Existing complete TIFF passed minimum size and byte-order signature checks.","2026-10-10T09:38:39.4974721+05:30"
"20261010-093810","DLA-008","CHIRPS v3 monthly global rainfall GeoTIFF","chirps-v3.0.2021.01.tif","https://data.chc.ucsb.edu/products/CHIRPS/v3.0/monthly/global/tifs/chirps-v3.0.2021.01.tif","ftp://ftp.chc.ucsb.edu/pub/org/chc/products/CHIRPS/v3.0/monthly/global/tifs/chirps-v3.0.2021.01.tif","SKIPPED_EXISTING_VALID","01_RAW_DATA\04_CLIMATE\CHIRPS-v3\monthly-global-tif\chirps-v3.0.2021.01.tif","21990464","847FDA1D215D1C632889C0E6EEAAC86C824C41FD92B053CD101B75885F137A66","Verify official current attribution/licence before redistribution","Existing complete TIFF passed minimum size and byte-order signature checks.","2026-10-10T09:38:40.0969594+05:30"
"20261010-093810","DLA-008","CHIRPS v3 monthly global rainfall GeoTIFF","chirps-v3.0.2021.02.tif","https://data.chc.ucsb.edu/products/CHIRPS/v3.0/monthly/global/tifs/chirps-v3.0.2021.02.tif","ftp://ftp.chc.ucsb.edu/pub/org/chc/products/CHIRPS/v3.0/monthly/global/tifs/chirps-v3.0.2021.02.tif","SKIPPED_EXISTING_VALID","01_RAW_DATA\04_CLIMATE\CHIRPS-v3\monthly-global-tif\chirps-v3.0.2021.02.tif","22067768","922AF7F461D38AFDD0923D090ABFBC7E8E8470E5AF7F8516B72FD5120AAD099A","Verify official current attribution/licence before redistribution","Existing complete TIFF passed minimum size and byte-order signature checks.","2026-10-10T09:38:40.4282861+05:30"
"20261010-093810","DLA-008","CHIRPS v3 monthly global rainfall GeoTIFF","chirps-v3.0.2021.03.tif","https://data.chc.ucsb.edu/products/CHIRPS/v3.0/monthly/global/tifs/chirps-v3.0.2021.03.tif","ftp://ftp.chc.ucsb.edu/pub/org/chc/products/CHIRPS/v3.0/monthly/global/tifs/chirps-v3.0.2021.03.tif","SKIPPED_EXISTING_VALID","01_RAW_DATA\04_CLIMATE\CHIRPS-v3\monthly-global-tif\chirps-v3.0.2021.03.tif","22477070","148F17138C76CDB40DE8BFEF6374CA54B84A2AC9C38BCA9BEE59DB093BD39079","Verify official current attribution/licence before redistribution","Existing complete TIFF passed minimum size and byte-order signature checks.","2026-10-10T09:38:40.7531415+05:30"
"20261010-093810","DLA-008","CHIRPS v3 monthly global rainfall GeoTIFF","chirps-v3.0.2021.04.tif","https://data.chc.ucsb.edu/products/CHIRPS/v3.0/monthly/global/tifs/chirps-v3.0.2021.04.tif","ftp://ftp.chc.ucsb.edu/pub/org/chc/products/CHIRPS/v3.0/monthly/global/tifs/chirps-v3.0.2021.04.tif","SKIPPED_EXISTING_VALID","01_RAW_DATA\04_CLIMATE\CHIRPS-v3\monthly-global-tif\chirps-v3.0.2021.04.tif","22774350","2F238783E39B3F8E7839A86CFFAA85E8380448F635BC4E11114A3B7D11D09AAC","Verify official current attribution/licence before redistribution","Existing complete TIFF passed minimum size and byte-order signature checks.","2026-10-10T09:38:41.0803741+05:30"
"20261010-093810","DLA-008","CHIRPS v3 monthly global rainfall GeoTIFF","chirps-v3.0.2021.05.tif","https://data.chc.ucsb.edu/products/CHIRPS/v3.0/monthly/global/tifs/chirps-v3.0.2021.05.tif","ftp://ftp.chc.ucsb.edu/pub/org/chc/products/CHIRPS/v3.0/monthly/global/tifs/chirps-v3.0.2021.05.tif","SKIPPED_EXISTING_VALID","01_RAW_DATA\04_CLIMATE\CHIRPS-v3\monthly-global-tif\chirps-v3.0.2021.05.tif","22937120","F717C6AD18D4069178524D176953E62A714E64F4C0A99CADD1996B1C293F6680","Verify official current attribution/licence before redistribution","Existing complete TIFF passed minimum size and byte-order signature checks.","2026-10-10T09:38:41.4226082+05:30"
"20261010-093810","DLA-008","CHIRPS v3 monthly global rainfall GeoTIFF","chirps-v3.0.2021.06.tif","https://data.chc.ucsb.edu/products/CHIRPS/v3.0/monthly/global/tifs/chirps-v3.0.2021.06.tif","ftp://ftp.chc.ucsb.edu/pub/org/chc/products/CHIRPS/v3.0/monthly/global/tifs/chirps-v3.0.2021.06.tif","SKIPPED_EXISTING_VALID","01_RAW_DATA\04_CLIMATE\CHIRPS-v3\monthly-global-tif\chirps-v3.0.2021.06.tif","22939008","462138FCA9D9D8A7FA8AAD31B483456DAAFA4EBA9FC40C6C38A6BEC9FC11F65E","Verify official current attribution/licence before redistribution","Existing complete TIFF passed minimum size and byte-order signature checks.","2026-10-10T09:38:41.9266438+05:30"
"20261010-093810","DLA-008","CHIRPS v3 monthly global rainfall GeoTIFF","chirps-v3.0.2021.07.tif","https://data.chc.ucsb.edu/products/CHIRPS/v3.0/monthly/global/tifs/chirps-v3.0.2021.07.tif","ftp://ftp.chc.ucsb.edu/pub/org/chc/products/CHIRPS/v3.0/monthly/global/tifs/chirps-v3.0.2021.07.tif","SKIPPED_EXISTING_VALID","01_RAW_DATA\04_CLIMATE\CHIRPS-v3\monthly-global-tif\chirps-v3.0.2021.07.tif","23387434","E0967BC1126DD6B4BA7AFF70DFB38DEDE42ABDD026F8876C6FDB66EDB4F0ADAF","Verify official current attribution/licence before redistribution","Existing complete TIFF passed minimum size and byte-order signature checks.","2026-10-10T09:38:42.3634687+05:30"
"20261010-093810","DLA-008","CHIRPS v3 monthly global rainfall GeoTIFF","chirps-v3.0.2021.08.tif","https://data.chc.ucsb.edu/products/CHIRPS/v3.0/monthly/global/tifs/chirps-v3.0.2021.08.tif","ftp://ftp.chc.ucsb.edu/pub/org/chc/products/CHIRPS/v3.0/monthly/global/tifs/chirps-v3.0.2021.08.tif","SKIPPED_EXISTING_VALID","01_RAW_DATA\04_CLIMATE\CHIRPS-v3\monthly-global-tif\chirps-v3.0.2021.08.tif","23371432","E516E5AC97081AC28E91F338DD3A6560A1B8536E2B1B35281CB87F826C7671FB","Verify official current attribution/licence before redistribution","Existing complete TIFF passed minimum size and byte-order signature checks.","2026-10-10T09:38:42.7880251+05:30"
"20261010-093810","DLA-008","CHIRPS v3 monthly global rainfall GeoTIFF","chirps-v3.0.2021.09.tif","https://data.chc.ucsb.edu/products/CHIRPS/v3.0/monthly/global/tifs/chirps-v3.0.2021.09.tif","ftp://ftp.chc.ucsb.edu/pub/org/chc/products/CHIRPS/v3.0/monthly/global/tifs/chirps-v3.0.2021.09.tif","SKIPPED_EXISTING_VALID","01_RAW_DATA\04_CLIMATE\CHIRPS-v3\monthly-global-tif\chirps-v3.0.2021.09.tif","23436182","A410ADB2176CCCFA55DA1045CA38B527CE70F2B7D3972C246FFA6F3F6E368616","Verify official current attribution/licence before redistribution","Existing complete TIFF passed minimum size and byte-order signature checks.","2026-10-10T09:38:43.2736535+05:30"
"20261010-093810","DLA-008","CHIRPS v3 monthly global rainfall GeoTIFF","chirps-v3.0.2021.10.tif","https://data.chc.ucsb.edu/products/CHIRPS/v3.0/monthly/global/tifs/chirps-v3.0.2021.10.tif","ftp://ftp.chc.ucsb.edu/pub/org/chc/products/CHIRPS/v3.0/monthly/global/tifs/chirps-v3.0.2021.10.tif","SKIPPED_EXISTING_VALID","01_RAW_DATA\04_CLIMATE\CHIRPS-v3\monthly-global-tif\chirps-v3.0.2021.10.tif","23162204","2148142A7D8FC976E8018C4745559C4263EA4C90DB1587A87EEC7A8367104892","Verify official current attribution/licence before redistribution","Existing complete TIFF passed minimum size and byte-order signature checks.","2026-10-10T09:38:43.6627632+05:30"
"20261010-093810","DLA-008","CHIRPS v3 monthly global rainfall GeoTIFF","chirps-v3.0.2021.11.tif","https://data.chc.ucsb.edu/products/CHIRPS/v3.0/monthly/global/tifs/chirps-v3.0.2021.11.tif","ftp://ftp.chc.ucsb.edu/pub/org/chc/products/CHIRPS/v3.0/monthly/global/tifs/chirps-v3.0.2021.11.tif","SKIPPED_EXISTING_VALID","01_RAW_DATA\04_CLIMATE\CHIRPS-v3\monthly-global-tif\chirps-v3.0.2021.11.tif","22574700","4CED78B0685BE4ED423BCAAC0A3B6B73DE9B2D30DE1CAE357990295DD2540625","Verify official current attribution/licence before redistribution","Existing complete TIFF passed minimum size and byte-order signature checks.","2026-10-10T09:38:44.3253452+05:30"
"20261010-093810","DLA-008","CHIRPS v3 monthly global rainfall GeoTIFF","chirps-v3.0.2021.12.tif","https://data.chc.ucsb.edu/products/CHIRPS/v3.0/monthly/global/tifs/chirps-v3.0.2021.12.tif","ftp://ftp.chc.ucsb.edu/pub/org/chc/products/CHIRPS/v3.0/monthly/global/tifs/chirps-v3.0.2021.12.tif","SKIPPED_EXISTING_VALID","01_RAW_DATA\04_CLIMATE\CHIRPS-v3\monthly-global-tif\chirps-v3.0.2021.12.tif","22101236","42AC811EFBBE615B94DF3FE7ADA7ED04E0BA1A5655F0C6D84F2E605FA4D2A927","Verify official current attribution/licence before redistribution","Existing complete TIFF passed minimum size and byte-order signature checks.","2026-10-10T09:38:44.6536225+05:30"
"20261010-093810","DLA-008","CHIRPS v3 monthly global rainfall GeoTIFF","chirps-v3.0.2022.01.tif","https://data.chc.ucsb.edu/products/CHIRPS/v3.0/monthly/global/tifs/chirps-v3.0.2022.01.tif","ftp://ftp.chc.ucsb.edu/pub/org/chc/products/CHIRPS/v3.0/monthly/global/tifs/chirps-v3.0.2022.01.tif","SKIPPED_EXISTING_VALID","01_RAW_DATA\04_CLIMATE\CHIRPS-v3\monthly-global-tif\chirps-v3.0.2022.01.tif","20985284","750361C072F2B7B57702DEEF439695AFF6123FA8C5D60410F522C66903152155","Verify official current attribution/licence before redistribution","Existing complete TIFF passed minimum size and byte-order signature checks.","2026-10-10T09:38:44.9414231+05:30"
"20261010-093810","DLA-008","CHIRPS v3 monthly global rainfall GeoTIFF","chirps-v3.0.2022.02.tif","https://data.chc.ucsb.edu/products/CHIRPS/v3.0/monthly/global/tifs/chirps-v3.0.2022.02.tif","ftp://ftp.chc.ucsb.edu/pub/org/chc/products/CHIRPS/v3.0/monthly/global/tifs/chirps-v3.0.2022.02.tif","SKIPPED_EXISTING_VALID","01_RAW_DATA\04_CLIMATE\CHIRPS-v3\monthly-global-tif\chirps-v3.0.2022.02.tif","19668484","04D34D6D515A8607B75B1B5D96CAD3653A21917A7836416EF0E69D8E423C20D6","Verify official current attribution/licence before redistribution","Existing complete TIFF passed minimum size and byte-order signature checks.","2026-10-10T09:38:45.3052867+05:30"
"20261010-093810","DLA-008","CHIRPS v3 monthly global rainfall GeoTIFF","chirps-v3.0.2022.03.tif","https://data.chc.ucsb.edu/products/CHIRPS/v3.0/monthly/global/tifs/chirps-v3.0.2022.03.tif","ftp://ftp.chc.ucsb.edu/pub/org/chc/products/CHIRPS/v3.0/monthly/global/tifs/chirps-v3.0.2022.03.tif","SKIPPED_EXISTING_VALID","01_RAW_DATA\04_CLIMATE\CHIRPS-v3\monthly-global-tif\chirps-v3.0.2022.03.tif","22065058","E8BCF3C143EDCB8A8D3763E51A0AB1562022409F72C36B5BFD0BDE99A1288A56","Verify official current attribution/licence before redistribution","Existing complete TIFF passed minimum size and byte-order signature checks.","2026-10-10T09:38:45.6703214+05:30"
"20261010-093810","DLA-008","CHIRPS v3 monthly global rainfall GeoTIFF","chirps-v3.0.2022.04.tif","https://data.chc.ucsb.edu/products/CHIRPS/v3.0/monthly/global/tifs/chirps-v3.0.2022.04.tif","ftp://ftp.chc.ucsb.edu/pub/org/chc/products/CHIRPS/v3.0/monthly/global/tifs/chirps-v3.0.2022.04.tif","SKIPPED_EXISTING_VALID","01_RAW_DATA\04_CLIMATE\CHIRPS-v3\monthly-global-tif\chirps-v3.0.2022.04.tif","22301454","CF7458878EF25D623B3740942E18F17C815A874CA650C20C9A2106B089612459","Verify official current attribution/licence before redistribution","Existing complete TIFF passed minimum size and byte-order signature checks.","2026-10-10T09:38:46.3817303+05:30"
"20261010-093810","DLA-008","CHIRPS v3 monthly global rainfall GeoTIFF","chirps-v3.0.2022.05.tif","https://data.chc.ucsb.edu/products/CHIRPS/v3.0/monthly/global/tifs/chirps-v3.0.2022.05.tif","ftp://ftp.chc.ucsb.edu/pub/org/chc/products/CHIRPS/v3.0/monthly/global/tifs/chirps-v3.0.2022.05.tif","SKIPPED_EXISTING_VALID","01_RAW_DATA\04_CLIMATE\CHIRPS-v3\monthly-global-tif\chirps-v3.0.2022.05.tif","22125512","3746A954CED70E37158B264FC4CC421D2123B7BEC52111AEEA4F631440C6BB46","Verify official current attribution/licence before redistribution","Existing complete TIFF passed minimum size and byte-order signature checks.","2026-10-10T09:38:47.0554877+05:30"
"20261010-093810","DLA-008","CHIRPS v3 monthly global rainfall GeoTIFF","chirps-v3.0.2022.06.tif","https://data.chc.ucsb.edu/products/CHIRPS/v3.0/monthly/global/tifs/chirps-v3.0.2022.06.tif","ftp://ftp.chc.ucsb.edu/pub/org/chc/products/CHIRPS/v3.0/monthly/global/tifs/chirps-v3.0.2022.06.tif","SKIPPED_EXISTING_VALID","01_RAW_DATA\04_CLIMATE\CHIRPS-v3\monthly-global-tif\chirps-v3.0.2022.06.tif","23023144","2809C7E1F4F95D217EBFBC62A3370522586365028B8454C3A5960B1236452B53","Verify official current attribution/licence before redistribution","Existing complete TIFF passed minimum size and byte-order signature checks.","2026-10-10T09:38:47.7799389+05:30"
"20261010-093810","DLA-008","CHIRPS v3 monthly global rainfall GeoTIFF","chirps-v3.0.2022.07.tif","https://data.chc.ucsb.edu/products/CHIRPS/v3.0/monthly/global/tifs/chirps-v3.0.2022.07.tif","ftp://ftp.chc.ucsb.edu/pub/org/chc/products/CHIRPS/v3.0/monthly/global/tifs/chirps-v3.0.2022.07.tif","SKIPPED_EXISTING_VALID","01_RAW_DATA\04_CLIMATE\CHIRPS-v3\monthly-global-tif\chirps-v3.0.2022.07.tif","23708158","A35D6ACFDE76A0148FE01E43D31EE446F66AFE77EE47EEE37C21F1DD0BF6EA1A","Verify official current attribution/licence before redistribution","Existing complete TIFF passed minimum size and byte-order signature checks.","2026-10-10T09:38:48.3309441+05:30"
"20261010-093810","DLA-008","CHIRPS v3 monthly global rainfall GeoTIFF","chirps-v3.0.2022.08.tif","https://data.chc.ucsb.edu/products/CHIRPS/v3.0/monthly/global/tifs/chirps-v3.0.2022.08.tif","ftp://ftp.chc.ucsb.edu/pub/org/chc/products/CHIRPS/v3.0/monthly/global/tifs/chirps-v3.0.2022.08.tif","SKIPPED_EXISTING_VALID","01_RAW_DATA\04_CLIMATE\CHIRPS-v3\monthly-global-tif\chirps-v3.0.2022.08.tif","23595942","77339DD0F65C186483650C1B2C9BC9DB68F94A4D37D34E94DBCB3D810FD7B259","Verify official current attribution/licence before redistribution","Existing complete TIFF passed minimum size and byte-order signature checks.","2026-10-10T09:38:48.9551205+05:30"
"20261010-093810","DLA-008","CHIRPS v3 monthly global rainfall GeoTIFF","chirps-v3.0.2022.09.tif","https://data.chc.ucsb.edu/products/CHIRPS/v3.0/monthly/global/tifs/chirps-v3.0.2022.09.tif","ftp://ftp.chc.ucsb.edu/pub/org/chc/products/CHIRPS/v3.0/monthly/global/tifs/chirps-v3.0.2022.09.tif","SKIPPED_EXISTING_VALID","01_RAW_DATA\04_CLIMATE\CHIRPS-v3\monthly-global-tif\chirps-v3.0.2022.09.tif","23566596","C26A81D14FD97FD5730781226004AAFA8ABE531839E72956B2AFBBB659017A3A","Verify official current attribution/licence before redistribution","Existing complete TIFF passed minimum size and byte-order signature checks.","2026-10-10T09:38:49.4041979+05:30"
"20261010-093810","DLA-008","CHIRPS v3 monthly global rainfall GeoTIFF","chirps-v3.0.2022.10.tif","https://data.chc.ucsb.edu/products/CHIRPS/v3.0/monthly/global/tifs/chirps-v3.0.2022.10.tif","ftp://ftp.chc.ucsb.edu/pub/org/chc/products/CHIRPS/v3.0/monthly/global/tifs/chirps-v3.0.2022.10.tif","SKIPPED_EXISTING_VALID","01_RAW_DATA\04_CLIMATE\CHIRPS-v3\monthly-global-tif\chirps-v3.0.2022.10.tif","22831716","D463DDA1F9F40A787A19EC1E212EDC7A50DB62938ADEA4E324F64EB65696220A","Verify official current attribution/licence before redistribution","Existing complete TIFF passed minimum size and byte-order signature checks.","2026-10-10T09:38:49.7428362+05:30"
"20261010-093810","DLA-008","CHIRPS v3 monthly global rainfall GeoTIFF","chirps-v3.0.2022.11.tif","https://data.chc.ucsb.edu/products/CHIRPS/v3.0/monthly/global/tifs/chirps-v3.0.2022.11.tif","ftp://ftp.chc.ucsb.edu/pub/org/chc/products/CHIRPS/v3.0/monthly/global/tifs/chirps-v3.0.2022.11.tif","SKIPPED_EXISTING_VALID","01_RAW_DATA\04_CLIMATE\CHIRPS-v3\monthly-global-tif\chirps-v3.0.2022.11.tif","22927916","BF14B2BCF2B69B56D9C56357B4EC36A14A84E471635DC9B6152A40A987AEABD4","Verify official current attribution/licence before redistribution","Existing complete TIFF passed minimum size and byte-order signature checks.","2026-10-10T09:38:50.1232858+05:30"
"20261010-093810","DLA-008","CHIRPS v3 monthly global rainfall GeoTIFF","chirps-v3.0.2022.12.tif","https://data.chc.ucsb.edu/products/CHIRPS/v3.0/monthly/global/tifs/chirps-v3.0.2022.12.tif","ftp://ftp.chc.ucsb.edu/pub/org/chc/products/CHIRPS/v3.0/monthly/global/tifs/chirps-v3.0.2022.12.tif","SKIPPED_EXISTING_VALID","01_RAW_DATA\04_CLIMATE\CHIRPS-v3\monthly-global-tif\chirps-v3.0.2022.12.tif","21745036","D8FC1BC353BC0100C290F8323B99379D64BFF14640EB370ACA2631849FA901F9","Verify official current attribution/licence before redistribution","Existing complete TIFF passed minimum size and byte-order signature checks.","2026-10-10T09:38:50.4911172+05:30"
"20261010-093810","DLA-008","CHIRPS v3 monthly global rainfall GeoTIFF","chirps-v3.0.2023.01.tif","https://data.chc.ucsb.edu/products/CHIRPS/v3.0/monthly/global/tifs/chirps-v3.0.2023.01.tif","ftp://ftp.chc.ucsb.edu/pub/org/chc/products/CHIRPS/v3.0/monthly/global/tifs/chirps-v3.0.2023.01.tif","SKIPPED_EXISTING_VALID","01_RAW_DATA\04_CLIMATE\CHIRPS-v3\monthly-global-tif\chirps-v3.0.2023.01.tif","21667044","8D6FC8F75F3DF29565F49B881EDF277D2782D1A08EDAA1664D094AA2E1D60060","Verify official current attribution/licence before redistribution","Existing complete TIFF passed minimum size and byte-order signature checks.","2026-10-10T09:38:50.8462209+05:30"
"20261010-093810","DLA-008","CHIRPS v3 monthly global rainfall GeoTIFF","chirps-v3.0.2023.02.tif","https://data.chc.ucsb.edu/products/CHIRPS/v3.0/monthly/global/tifs/chirps-v3.0.2023.02.tif","ftp://ftp.chc.ucsb.edu/pub/org/chc/products/CHIRPS/v3.0/monthly/global/tifs/chirps-v3.0.2023.02.tif","SKIPPED_EXISTING_VALID","01_RAW_DATA\04_CLIMATE\CHIRPS-v3\monthly-global-tif\chirps-v3.0.2023.02.tif","21831600","8C9D688872451E00FCC0C21E4119533E42B34E7576C91886CFFE5901969CA65C","Verify official current attribution/licence before redistribution","Existing complete TIFF passed minimum size and byte-order signature checks.","2026-10-10T09:38:51.3210069+05:30"
"20261010-093810","DLA-008","CHIRPS v3 monthly global rainfall GeoTIFF","chirps-v3.0.2023.03.tif","https://data.chc.ucsb.edu/products/CHIRPS/v3.0/monthly/global/tifs/chirps-v3.0.2023.03.tif","ftp://ftp.chc.ucsb.edu/pub/org/chc/products/CHIRPS/v3.0/monthly/global/tifs/chirps-v3.0.2023.03.tif","SKIPPED_EXISTING_VALID","01_RAW_DATA\04_CLIMATE\CHIRPS-v3\monthly-global-tif\chirps-v3.0.2023.03.tif","22572936","366782DB9E821BDC9E89E0231DA1F7077B6B665B3D6C47AB21EDA20B6D750BAE","Verify official current attribution/licence before redistribution","Existing complete TIFF passed minimum size and byte-order signature checks.","2026-10-10T09:38:51.9284669+05:30"
"20261010-093810","DLA-008","CHIRPS v3 monthly global rainfall GeoTIFF","chirps-v3.0.2023.04.tif","https://data.chc.ucsb.edu/products/CHIRPS/v3.0/monthly/global/tifs/chirps-v3.0.2023.04.tif","ftp://ftp.chc.ucsb.edu/pub/org/chc/products/CHIRPS/v3.0/monthly/global/tifs/chirps-v3.0.2023.04.tif","SKIPPED_EXISTING_VALID","01_RAW_DATA\04_CLIMATE\CHIRPS-v3\monthly-global-tif\chirps-v3.0.2023.04.tif","22905310","40D0434AC6C4C2F5CFA37D71D8614F935C94E6AA32D3D336B38AD388252C9E02","Verify official current attribution/licence before redistribution","Existing complete TIFF passed minimum size and byte-order signature checks.","2026-10-10T09:38:52.5570799+05:30"
"20261010-093810","DLA-008","CHIRPS v3 monthly global rainfall GeoTIFF","chirps-v3.0.2023.05.tif","https://data.chc.ucsb.edu/products/CHIRPS/v3.0/monthly/global/tifs/chirps-v3.0.2023.05.tif","ftp://ftp.chc.ucsb.edu/pub/org/chc/products/CHIRPS/v3.0/monthly/global/tifs/chirps-v3.0.2023.05.tif","SKIPPED_EXISTING_VALID","01_RAW_DATA\04_CLIMATE\CHIRPS-v3\monthly-global-tif\chirps-v3.0.2023.05.tif","23373006","24DC834EDD59E7E86FA29F6C6B25BF1EF0EAA6DF76A22E41006F78CA09EC42B3","Verify official current attribution/licence before redistribution","Existing complete TIFF passed minimum size and byte-order signature checks.","2026-10-10T09:38:53.2883281+05:30"
"20261010-093810","DLA-008","CHIRPS v3 monthly global rainfall GeoTIFF","chirps-v3.0.2023.06.tif","https://data.chc.ucsb.edu/products/CHIRPS/v3.0/monthly/global/tifs/chirps-v3.0.2023.06.tif","ftp://ftp.chc.ucsb.edu/pub/org/chc/products/CHIRPS/v3.0/monthly/global/tifs/chirps-v3.0.2023.06.tif","SKIPPED_EXISTING_VALID","01_RAW_DATA\04_CLIMATE\CHIRPS-v3\monthly-global-tif\chirps-v3.0.2023.06.tif","23075946","C658D70DE0ED3C31B870527C42472FCE385DF011BC76F7BDF148CA1D5B0DD447","Verify official current attribution/licence before redistribution","Existing complete TIFF passed minimum size and byte-order signature checks.","2026-10-10T09:38:53.6269842+05:30"
"20261010-093810","DLA-008","CHIRPS v3 monthly global rainfall GeoTIFF","chirps-v3.0.2023.07.tif","https://data.chc.ucsb.edu/products/CHIRPS/v3.0/monthly/global/tifs/chirps-v3.0.2023.07.tif","ftp://ftp.chc.ucsb.edu/pub/org/chc/products/CHIRPS/v3.0/monthly/global/tifs/chirps-v3.0.2023.07.tif","SKIPPED_EXISTING_VALID","01_RAW_DATA\04_CLIMATE\CHIRPS-v3\monthly-global-tif\chirps-v3.0.2023.07.tif","23368314","6760BAD8E97B16D275BE90D14B6C8FDBDB0903C2C4F7A0AA1A15C51534D1DA60","Verify official current attribution/licence before redistribution","Existing complete TIFF passed minimum size and byte-order signature checks.","2026-10-10T09:38:54.1130186+05:30"
"20261010-093810","DLA-008","CHIRPS v3 monthly global rainfall GeoTIFF","chirps-v3.0.2023.08.tif","https://data.chc.ucsb.edu/products/CHIRPS/v3.0/monthly/global/tifs/chirps-v3.0.2023.08.tif","ftp://ftp.chc.ucsb.edu/pub/org/chc/products/CHIRPS/v3.0/monthly/global/tifs/chirps-v3.0.2023.08.tif","SKIPPED_EXISTING_VALID","01_RAW_DATA\04_CLIMATE\CHIRPS-v3\monthly-global-tif\chirps-v3.0.2023.08.tif","23723094","8C921063ED30368A7D4DB1713AB045809DC462F3996C96A7AC83B6A9422B0676","Verify official current attribution/licence before redistribution","Existing complete TIFF passed minimum size and byte-order signature checks.","2026-10-10T09:38:54.7113912+05:30"
"20261010-093810","DLA-008","CHIRPS v3 monthly global rainfall GeoTIFF","chirps-v3.0.2023.09.tif","https://data.chc.ucsb.edu/products/CHIRPS/v3.0/monthly/global/tifs/chirps-v3.0.2023.09.tif","ftp://ftp.chc.ucsb.edu/pub/org/chc/products/CHIRPS/v3.0/monthly/global/tifs/chirps-v3.0.2023.09.tif","SKIPPED_EXISTING_VALID","01_RAW_DATA\04_CLIMATE\CHIRPS-v3\monthly-global-tif\chirps-v3.0.2023.09.tif","23750264","9076FACF2B26437664162315B0D0886C02015C0C383CF97DF77C3C4464E1F0AA","Verify official current attribution/licence before redistribution","Existing complete TIFF passed minimum size and byte-order signature checks.","2026-10-10T09:38:55.5684371+05:30"
"20261010-093810","DLA-008","CHIRPS v3 monthly global rainfall GeoTIFF","chirps-v3.0.2023.10.tif","https://data.chc.ucsb.edu/products/CHIRPS/v3.0/monthly/global/tifs/chirps-v3.0.2023.10.tif","ftp://ftp.chc.ucsb.edu/pub/org/chc/products/CHIRPS/v3.0/monthly/global/tifs/chirps-v3.0.2023.10.tif","SKIPPED_EXISTING_VALID","01_RAW_DATA\04_CLIMATE\CHIRPS-v3\monthly-global-tif\chirps-v3.0.2023.10.tif","23149522","4330EDCAFA459E47F21956AD8385AE8B4F023A50F077FD4A2B99D3F8C86EB473","Verify official current attribution/licence before redistribution","Existing complete TIFF passed minimum size and byte-order signature checks.","2026-10-10T09:38:56.5034198+05:30"
"20261010-093810","DLA-008","CHIRPS v3 monthly global rainfall GeoTIFF","chirps-v3.0.2023.11.tif","https://data.chc.ucsb.edu/products/CHIRPS/v3.0/monthly/global/tifs/chirps-v3.0.2023.11.tif","ftp://ftp.chc.ucsb.edu/pub/org/chc/products/CHIRPS/v3.0/monthly/global/tifs/chirps-v3.0.2023.11.tif","SKIPPED_EXISTING_VALID","01_RAW_DATA\04_CLIMATE\CHIRPS-v3\monthly-global-tif\chirps-v3.0.2023.11.tif","22786692","E018F694EAE9BA479E9576CF5813E7FB35CBE2F63E11836DF0BDEA196AF74B76","Verify official current attribution/licence before redistribution","Existing complete TIFF passed minimum size and byte-order signature checks.","2026-10-10T09:38:57.0401608+05:30"
"20261010-093810","DLA-008","CHIRPS v3 monthly global rainfall GeoTIFF","chirps-v3.0.2023.12.tif","https://data.chc.ucsb.edu/products/CHIRPS/v3.0/monthly/global/tifs/chirps-v3.0.2023.12.tif","ftp://ftp.chc.ucsb.edu/pub/org/chc/products/CHIRPS/v3.0/monthly/global/tifs/chirps-v3.0.2023.12.tif","SKIPPED_EXISTING_VALID","01_RAW_DATA\04_CLIMATE\CHIRPS-v3\monthly-global-tif\chirps-v3.0.2023.12.tif","22777212","68562AD2118AAC300A21304B12416523D457B4A277CE7D0F101F6BA1F1F7475F","Verify official current attribution/licence before redistribution","Existing complete TIFF passed minimum size and byte-order signature checks.","2026-10-10T09:38:57.6146361+05:30"
"20261010-093810","DLA-008","CHIRPS v3 monthly global rainfall GeoTIFF","chirps-v3.0.2024.01.tif","https://data.chc.ucsb.edu/products/CHIRPS/v3.0/monthly/global/tifs/chirps-v3.0.2024.01.tif","ftp://ftp.chc.ucsb.edu/pub/org/chc/products/CHIRPS/v3.0/monthly/global/tifs/chirps-v3.0.2024.01.tif","SKIPPED_EXISTING_VALID","01_RAW_DATA\04_CLIMATE\CHIRPS-v3\monthly-global-tif\chirps-v3.0.2024.01.tif","22243892","B1BC94B7F3558FB159AAF15BB8C568E99246A7370186BCCDBB4CE6DF1B3C5E0F","Verify official current attribution/licence before redistribution","Existing complete TIFF passed minimum size and byte-order signature checks.","2026-10-10T09:38:58.7060005+05:30"
"20261010-093810","DLA-008","CHIRPS v3 monthly global rainfall GeoTIFF","chirps-v3.0.2024.02.tif","https://data.chc.ucsb.edu/products/CHIRPS/v3.0/monthly/global/tifs/chirps-v3.0.2024.02.tif","ftp://ftp.chc.ucsb.edu/pub/org/chc/products/CHIRPS/v3.0/monthly/global/tifs/chirps-v3.0.2024.02.tif","SKIPPED_EXISTING_VALID","01_RAW_DATA\04_CLIMATE\CHIRPS-v3\monthly-global-tif\chirps-v3.0.2024.02.tif","22780952","44F788B19EB84FFF7FFF1EA2A00A8885C51C19155BA95F3806079AAFC4B078F4","Verify official current attribution/licence before redistribution","Existing complete TIFF passed minimum size and byte-order signature checks.","2026-10-10T09:38:59.6450375+05:30"
"20261010-093810","DLA-008","CHIRPS v3 monthly global rainfall GeoTIFF","chirps-v3.0.2024.03.tif","https://data.chc.ucsb.edu/products/CHIRPS/v3.0/monthly/global/tifs/chirps-v3.0.2024.03.tif","ftp://ftp.chc.ucsb.edu/pub/org/chc/products/CHIRPS/v3.0/monthly/global/tifs/chirps-v3.0.2024.03.tif","SKIPPED_EXISTING_VALID","01_RAW_DATA\04_CLIMATE\CHIRPS-v3\monthly-global-tif\chirps-v3.0.2024.03.tif","22379354","8FEDCCDDA1A0CA02565D1DEACBF6BAE405F655FD98A4DF0343ED45405564C9CA","Verify official current attribution/licence before redistribution","Existing complete TIFF passed minimum size and byte-order signature checks.","2026-10-10T09:39:00.0421426+05:30"
"20261010-093810","DLA-008","CHIRPS v3 monthly global rainfall GeoTIFF","chirps-v3.0.2024.04.tif","https://data.chc.ucsb.edu/products/CHIRPS/v3.0/monthly/global/tifs/chirps-v3.0.2024.04.tif","ftp://ftp.chc.ucsb.edu/pub/org/chc/products/CHIRPS/v3.0/monthly/global/tifs/chirps-v3.0.2024.04.tif","SKIPPED_EXISTING_VALID","01_RAW_DATA\04_CLIMATE\CHIRPS-v3\monthly-global-tif\chirps-v3.0.2024.04.tif","22590744","9F6A5B040132F442CAD5E9A05CB8A62484396AA6E1E89CCD5159D56059BC1AEC","Verify official current attribution/licence before redistribution","Existing complete TIFF passed minimum size and byte-order signature checks.","2026-10-10T09:39:00.4220376+05:30"
"20261010-093810","DLA-008","CHIRPS v3 monthly global rainfall GeoTIFF","chirps-v3.0.2024.05.tif","https://data.chc.ucsb.edu/products/CHIRPS/v3.0/monthly/global/tifs/chirps-v3.0.2024.05.tif","ftp://ftp.chc.ucsb.edu/pub/org/chc/products/CHIRPS/v3.0/monthly/global/tifs/chirps-v3.0.2024.05.tif","SKIPPED_EXISTING_VALID","01_RAW_DATA\04_CLIMATE\CHIRPS-v3\monthly-global-tif\chirps-v3.0.2024.05.tif","22706158","FD70239BEE420066001718E07D35E67F911BCDAECA8824E6DFAE5A13B9CC62B3","Verify official current attribution/licence before redistribution","Existing complete TIFF passed minimum size and byte-order signature checks.","2026-10-10T09:39:01.0192157+05:30"
"20261010-093810","DLA-008","CHIRPS v3 monthly global rainfall GeoTIFF","chirps-v3.0.2024.06.tif","https://data.chc.ucsb.edu/products/CHIRPS/v3.0/monthly/global/tifs/chirps-v3.0.2024.06.tif","ftp://ftp.chc.ucsb.edu/pub/org/chc/products/CHIRPS/v3.0/monthly/global/tifs/chirps-v3.0.2024.06.tif","SKIPPED_EXISTING_VALID","01_RAW_DATA\04_CLIMATE\CHIRPS-v3\monthly-global-tif\chirps-v3.0.2024.06.tif","22843890","1242147F1D572420E14512767ACC00EE057810D7603A4558EE4283CF6F3D1BD8","Verify official current attribution/licence before redistribution","Existing complete TIFF passed minimum size and byte-order signature checks.","2026-10-10T09:39:01.5302204+05:30"
"20261010-093810","DLA-008","CHIRPS v3 monthly global rainfall GeoTIFF","chirps-v3.0.2024.07.tif","https://data.chc.ucsb.edu/products/CHIRPS/v3.0/monthly/global/tifs/chirps-v3.0.2024.07.tif","ftp://ftp.chc.ucsb.edu/pub/org/chc/products/CHIRPS/v3.0/monthly/global/tifs/chirps-v3.0.2024.07.tif","SKIPPED_EXISTING_VALID","01_RAW_DATA\04_CLIMATE\CHIRPS-v3\monthly-global-tif\chirps-v3.0.2024.07.tif","23329694","5EDB23D3705685F1A8B8A38C77DBC2CBDF0C53B9209B16F5B39CEE7AC262B590","Verify official current attribution/licence before redistribution","Existing complete TIFF passed minimum size and byte-order signature checks.","2026-10-10T09:39:02.2904084+05:30"
"20261010-093810","DLA-008","CHIRPS v3 monthly global rainfall GeoTIFF","chirps-v3.0.2024.08.tif","https://data.chc.ucsb.edu/products/CHIRPS/v3.0/monthly/global/tifs/chirps-v3.0.2024.08.tif","ftp://ftp.chc.ucsb.edu/pub/org/chc/products/CHIRPS/v3.0/monthly/global/tifs/chirps-v3.0.2024.08.tif","SKIPPED_EXISTING_VALID","01_RAW_DATA\04_CLIMATE\CHIRPS-v3\monthly-global-tif\chirps-v3.0.2024.08.tif","23776602","2CDBB0A8A0BF797425EE67CFCBFCD179A823DB3B7E8045F3D15F60A8651BE98F","Verify official current attribution/licence before redistribution","Existing complete TIFF passed minimum size and byte-order signature checks.","2026-10-10T09:39:02.8080718+05:30"
"20261010-093810","DLA-008","CHIRPS v3 monthly global rainfall GeoTIFF","chirps-v3.0.2024.09.tif","https://data.chc.ucsb.edu/products/CHIRPS/v3.0/monthly/global/tifs/chirps-v3.0.2024.09.tif","ftp://ftp.chc.ucsb.edu/pub/org/chc/products/CHIRPS/v3.0/monthly/global/tifs/chirps-v3.0.2024.09.tif","SKIPPED_EXISTING_VALID","01_RAW_DATA\04_CLIMATE\CHIRPS-v3\monthly-global-tif\chirps-v3.0.2024.09.tif","23952762","6DE750F78E05E4A1DD6AB49369D8BBF5B3AA141D0106AF64010B169237B0B7C8","Verify official current attribution/licence before redistribution","Existing complete TIFF passed minimum size and byte-order signature checks.","2026-10-10T09:39:03.5542588+05:30"
"20261010-093810","DLA-008","CHIRPS v3 monthly global rainfall GeoTIFF","chirps-v3.0.2024.10.tif","https://data.chc.ucsb.edu/products/CHIRPS/v3.0/monthly/global/tifs/chirps-v3.0.2024.10.tif","ftp://ftp.chc.ucsb.edu/pub/org/chc/products/CHIRPS/v3.0/monthly/global/tifs/chirps-v3.0.2024.10.tif","SKIPPED_EXISTING_VALID","01_RAW_DATA\04_CLIMATE\CHIRPS-v3\monthly-global-tif\chirps-v3.0.2024.10.tif","23108000","7448188E1D22013457AA64ADCA83318867F118A99A652AFF80C2360CB8F94A1B","Verify official current attribution/licence before redistribution","Existing complete TIFF passed minimum size and byte-order signature checks.","2026-10-10T09:39:04.5091209+05:30"
"20261010-093810","DLA-008","CHIRPS v3 monthly global rainfall GeoTIFF","chirps-v3.0.2024.11.tif","https://data.chc.ucsb.edu/products/CHIRPS/v3.0/monthly/global/tifs/chirps-v3.0.2024.11.tif","ftp://ftp.chc.ucsb.edu/pub/org/chc/products/CHIRPS/v3.0/monthly/global/tifs/chirps-v3.0.2024.11.tif","SKIPPED_EXISTING_VALID","01_RAW_DATA\04_CLIMATE\CHIRPS-v3\monthly-global-tif\chirps-v3.0.2024.11.tif","22265002","09CDEE3B9EC6E4FC1B4469CDA2BF86852BF4605661F9EA4C3B90776D787A863C","Verify official current attribution/licence before redistribution","Existing complete TIFF passed minimum size and byte-order signature checks.","2026-10-10T09:39:05.2136935+05:30"
"20261010-093810","DLA-008","CHIRPS v3 monthly global rainfall GeoTIFF","chirps-v3.0.2024.12.tif","https://data.chc.ucsb.edu/products/CHIRPS/v3.0/monthly/global/tifs/chirps-v3.0.2024.12.tif","ftp://ftp.chc.ucsb.edu/pub/org/chc/products/CHIRPS/v3.0/monthly/global/tifs/chirps-v3.0.2024.12.tif","SKIPPED_EXISTING_VALID","01_RAW_DATA\04_CLIMATE\CHIRPS-v3\monthly-global-tif\chirps-v3.0.2024.12.tif","22076726","F5E2A83FDF0CF9EA93F14E196CC6081AC570B9F4DA4C85EACAFB898E33DC50FE","Verify official current attribution/licence before redistribution","Existing complete TIFF passed minimum size and byte-order signature checks.","2026-10-10T09:39:05.6108226+05:30"
"20261010-093810","DLA-008","CHIRPS v3 monthly global rainfall GeoTIFF","chirps-v3.0.2025.01.tif","https://data.chc.ucsb.edu/products/CHIRPS/v3.0/monthly/global/tifs/chirps-v3.0.2025.01.tif","ftp://ftp.chc.ucsb.edu/pub/org/chc/products/CHIRPS/v3.0/monthly/global/tifs/chirps-v3.0.2025.01.tif","SKIPPED_EXISTING_VALID","01_RAW_DATA\04_CLIMATE\CHIRPS-v3\monthly-global-tif\chirps-v3.0.2025.01.tif","21628766","499E780F65A88E91E6FC8B337E165B249396A98B2EA4D51AE0CDE946EF5D0EC6","Verify official current attribution/licence before redistribution","Existing complete TIFF passed minimum size and byte-order signature checks.","2026-10-10T09:39:05.9588740+05:30"
"20261010-093810","DLA-008","CHIRPS v3 monthly global rainfall GeoTIFF","chirps-v3.0.2025.02.tif","https://data.chc.ucsb.edu/products/CHIRPS/v3.0/monthly/global/tifs/chirps-v3.0.2025.02.tif","ftp://ftp.chc.ucsb.edu/pub/org/chc/products/CHIRPS/v3.0/monthly/global/tifs/chirps-v3.0.2025.02.tif","SKIPPED_EXISTING_VALID","01_RAW_DATA\04_CLIMATE\CHIRPS-v3\monthly-global-tif\chirps-v3.0.2025.02.tif","21789414","3496707ECBC42E01AD89F0543084B983B5B37057BBBD27A9B6FFF32A5CB22891","Verify official current attribution/licence before redistribution","Existing complete TIFF passed minimum size and byte-order signature checks.","2026-10-10T09:39:06.2960513+05:30"
"20261010-093810","DLA-008","CHIRPS v3 monthly global rainfall GeoTIFF","chirps-v3.0.2025.03.tif","https://data.chc.ucsb.edu/products/CHIRPS/v3.0/monthly/global/tifs/chirps-v3.0.2025.03.tif","ftp://ftp.chc.ucsb.edu/pub/org/chc/products/CHIRPS/v3.0/monthly/global/tifs/chirps-v3.0.2025.03.tif","SKIPPED_EXISTING_VALID","01_RAW_DATA\04_CLIMATE\CHIRPS-v3\monthly-global-tif\chirps-v3.0.2025.03.tif","22157684","DF69EB48874E3063227FCB13A9B781732C10D10579DAD24DE695E50AF5811E10","Verify official current attribution/licence before redistribution","Existing complete TIFF passed minimum size and byte-order signature checks.","2026-10-10T09:39:06.6207334+05:30"
"20261010-093810","DLA-008","CHIRPS v3 monthly global rainfall GeoTIFF","chirps-v3.0.2025.04.tif","https://data.chc.ucsb.edu/products/CHIRPS/v3.0/monthly/global/tifs/chirps-v3.0.2025.04.tif","ftp://ftp.chc.ucsb.edu/pub/org/chc/products/CHIRPS/v3.0/monthly/global/tifs/chirps-v3.0.2025.04.tif","SKIPPED_EXISTING_VALID","01_RAW_DATA\04_CLIMATE\CHIRPS-v3\monthly-global-tif\chirps-v3.0.2025.04.tif","21849234","172C834445F046A59D66F40559D982678DFCCD89B980D655A2197F7757E394B5","Verify official current attribution/licence before redistribution","Existing complete TIFF passed minimum size and byte-order signature checks.","2026-10-10T09:39:07.2618789+05:30"
"20261010-093810","DLA-008","CHIRPS v3 monthly global rainfall GeoTIFF","chirps-v3.0.2025.05.tif","https://data.chc.ucsb.edu/products/CHIRPS/v3.0/monthly/global/tifs/chirps-v3.0.2025.05.tif","ftp://ftp.chc.ucsb.edu/pub/org/chc/products/CHIRPS/v3.0/monthly/global/tifs/chirps-v3.0.2025.05.tif","SKIPPED_EXISTING_VALID","01_RAW_DATA\04_CLIMATE\CHIRPS-v3\monthly-global-tif\chirps-v3.0.2025.05.tif","22588100","DFFB54B11AE7CEA5366B809A44F88F490C15F1331F142702E40A20C806D1DE68","Verify official current attribution/licence before redistribution","Existing complete TIFF passed minimum size and byte-order signature checks.","2026-10-10T09:39:07.5837386+05:30"
"20261010-093810","DLA-008","CHIRPS v3 monthly global rainfall GeoTIFF","chirps-v3.0.2025.06.tif","https://data.chc.ucsb.edu/products/CHIRPS/v3.0/monthly/global/tifs/chirps-v3.0.2025.06.tif","ftp://ftp.chc.ucsb.edu/pub/org/chc/products/CHIRPS/v3.0/monthly/global/tifs/chirps-v3.0.2025.06.tif","SKIPPED_EXISTING_VALID","01_RAW_DATA\04_CLIMATE\CHIRPS-v3\monthly-global-tif\chirps-v3.0.2025.06.tif","22893744","89CBD273BE91B08EA59305C99E97C513116CF6FC073561A96F1CE7DCDC769D93","Verify official current attribution/licence before redistribution","Existing complete TIFF passed minimum size and byte-order signature checks.","2026-10-10T09:39:07.9006494+05:30"
"20261010-093810","DLA-008","CHIRPS v3 monthly global rainfall GeoTIFF","chirps-v3.0.2025.07.tif","https://data.chc.ucsb.edu/products/CHIRPS/v3.0/monthly/global/tifs/chirps-v3.0.2025.07.tif","ftp://ftp.chc.ucsb.edu/pub/org/chc/products/CHIRPS/v3.0/monthly/global/tifs/chirps-v3.0.2025.07.tif","SKIPPED_EXISTING_VALID","01_RAW_DATA\04_CLIMATE\CHIRPS-v3\monthly-global-tif\chirps-v3.0.2025.07.tif","23310180","55D5AB0DB924B6152BACA487AF651A7F0C3D5B0127D7144C8A8BDFA78672CF84","Verify official current attribution/licence before redistribution","Existing complete TIFF passed minimum size and byte-order signature checks.","2026-10-10T09:39:08.2234401+05:30"
"20261010-093810","DLA-008","CHIRPS v3 monthly global rainfall GeoTIFF","chirps-v3.0.2025.08.tif","https://data.chc.ucsb.edu/products/CHIRPS/v3.0/monthly/global/tifs/chirps-v3.0.2025.08.tif","ftp://ftp.chc.ucsb.edu/pub/org/chc/products/CHIRPS/v3.0/monthly/global/tifs/chirps-v3.0.2025.08.tif","SKIPPED_EXISTING_VALID","01_RAW_DATA\04_CLIMATE\CHIRPS-v3\monthly-global-tif\chirps-v3.0.2025.08.tif","23781614","9A3A6C601481E7236F95DF4A28D2EA476DD8CA59B9B35C630326EB6F94999168","Verify official current attribution/licence before redistribution","Existing complete TIFF passed minimum size and byte-order signature checks.","2026-10-10T09:39:08.6697435+05:30"
"20261010-093810","DLA-008","CHIRPS v3 monthly global rainfall GeoTIFF","chirps-v3.0.2025.09.tif","https://data.chc.ucsb.edu/products/CHIRPS/v3.0/monthly/global/tifs/chirps-v3.0.2025.09.tif","ftp://ftp.chc.ucsb.edu/pub/org/chc/products/CHIRPS/v3.0/monthly/global/tifs/chirps-v3.0.2025.09.tif","SKIPPED_EXISTING_VALID","01_RAW_DATA\04_CLIMATE\CHIRPS-v3\monthly-global-tif\chirps-v3.0.2025.09.tif","23852168","9C5599BB8682D7E497AE1D2B9934E570112C971B814F186ECA57FFC2A05F1E3B","Verify official current attribution/licence before redistribution","Existing complete TIFF passed minimum size and byte-order signature checks.","2026-10-10T09:39:09.7578397+05:30"
"20261010-093810","DLA-008","CHIRPS v3 monthly global rainfall GeoTIFF","chirps-v3.0.2025.10.tif","https://data.chc.ucsb.edu/products/CHIRPS/v3.0/monthly/global/tifs/chirps-v3.0.2025.10.tif","ftp://ftp.chc.ucsb.edu/pub/org/chc/products/CHIRPS/v3.0/monthly/global/tifs/chirps-v3.0.2025.10.tif","SKIPPED_EXISTING_VALID","01_RAW_DATA\04_CLIMATE\CHIRPS-v3\monthly-global-tif\chirps-v3.0.2025.10.tif","22669464","BFE0B5411FC83AB291C32CBFD9FA908D91BF7CB655924B3FFB38F31123E07854","Verify official current attribution/licence before redistribution","Existing complete TIFF passed minimum size and byte-order signature checks.","2026-10-10T09:39:10.2118855+05:30"
"20261010-093810","DLA-008","CHIRPS v3 monthly global rainfall GeoTIFF","chirps-v3.0.2025.11.tif","https://data.chc.ucsb.edu/products/CHIRPS/v3.0/monthly/global/tifs/chirps-v3.0.2025.11.tif","ftp://ftp.chc.ucsb.edu/pub/org/chc/products/CHIRPS/v3.0/monthly/global/tifs/chirps-v3.0.2025.11.tif","SKIPPED_EXISTING_VALID","01_RAW_DATA\04_CLIMATE\CHIRPS-v3\monthly-global-tif\chirps-v3.0.2025.11.tif","21928952","FAD54C95F3CA185C46A53905E9A1E3A44ACEE45E3FC5C6A22125AF51775FBA87","Verify official current attribution/licence before redistribution","Existing complete TIFF passed minimum size and byte-order signature checks.","2026-10-10T09:39:10.6637467+05:30"
"20261010-093810","DLA-008","CHIRPS v3 monthly global rainfall GeoTIFF","chirps-v3.0.2025.12.tif","https://data.chc.ucsb.edu/products/CHIRPS/v3.0/monthly/global/tifs/chirps-v3.0.2025.12.tif","ftp://ftp.chc.ucsb.edu/pub/org/chc/products/CHIRPS/v3.0/monthly/global/tifs/chirps-v3.0.2025.12.tif","SKIPPED_EXISTING_VALID","01_RAW_DATA\04_CLIMATE\CHIRPS-v3\monthly-global-tif\chirps-v3.0.2025.12.tif","23216716","A1EDDBFC09E60A065F70EE73549441C69A7BEDAF7ABFAD13E5826C4381F060B6","Verify official current attribution/licence before redistribution","Existing complete TIFF passed minimum size and byte-order signature checks.","2026-10-10T09:39:11.3862440+05:30"
