"session_id","dataset_id","title","source_url","status","relative_path","exists","size_bytes","sha256","rights_status","notes"
"20261010-094042","DLA-001","DHARMA Tamil Nadu epigraphy","https://github.com/erc-dharma/tfa-tamilnadu-epigraphy","ALREADY_COLLECTED_HOLD_REUSE","01_RAW_DATA\01_EPIGRAPHY\DHARMA-TamilNadu","True","3589521","","LICENCE_RECONCILIATION_REQUIRED","Commit ab94f9e525e2ce21938e63ac93fd80aa78a4e423; hold redistribution until written clarification."
"20261010-094042","DLA-002","DHARMA SII epigraphy","https://github.com/erc-dharma/tfa-sii-epigraphy","ALREADY_COLLECTED_HOLD_REUSE","01_RAW_DATA\01_EPIGRAPHY\DHARMA-SII","True","26058084","","LICENCE_RECONCILIATION_REQUIRED","Commit dfa95be6729f162c0e7b70eea15c51da94520ff4; hold redistribution until written clarification."
"20261010-094042","DLA-004","HydroRIVERS Asia original ZIP","https://www.hydrosheds.org/products/hydrorivers","ALREADY_COLLECTED","01_RAW_DATA\02_HYDROLOGY\HydroRIVERS-v1-Asia\HydroRIVERS_v10_as_shp.zip","True","90510995","29780B0A75F90024F22E7E2029E5E3045F7325CDA0528DB65C5CC4C864B98525","HYDROSHEDS_TERMS_REVIEW","Generalized river network; check terms before redistribution."
"20261010-094042","DLA-003","OpenStreetMap corridor extract","https://www.openstreetmap.org/copyright","ALREADY_COLLECTED","01_RAW_DATA\03_GEOSPATIAL\OpenStreetMap\overpass-thanjavur-kumbakonam-20261009-111437.json","True","2079366","AA8925EF24CCCAD58AB0913456121EEB980CE8D06C95ACBFD5334E2AC9FD7433","ODBL_ATTRIBUTION_REQUIRED","Initial run reported 998 current mapped elements; not historical evidence."
"20261010-094042","DLA-006","ESA WorldCover 2021 v200 tile candidate N09E078","https://esa-worldcover.s3.eu-central-1.amazonaws.com/v200/2021/map/ESA_WorldCover_10m_2021_v200_N09E078_Map.tif","SKIPPED_EXISTING_VALID","01_RAW_DATA\07_LAND_COVER\ESA-WorldCover-2021-v200\ESA_WorldCover_10m_2021_v200_N09E078_Map.tif","True","92254923","EF5465394F62EE330BBFAAF3F42D67C87E54397E512E742C872A50AD2592FE3A","CC BY 4.0 with ESA attribution","Modern 2021 context only; URL is a candidate and signature is checked."
"20261010-094042","DLA-022","Tamil Nadu Season and Crop Report 2024-2025","https://drive.google.com/uc?export=download&id=1kvlGkhj-FoYdGk4UkZR4h5G8Nz2cERPX","DOWNLOADED_VALIDATED","01_RAW_DATA\06_AGRICULTURE\Tamil-Nadu-Season-Crop-Report\Tamil-Nadu-Season-and-Crop-Report-2024-2025.pdf","True","22479536","49BBD356B1AAB315A53E9A62EF0BA9A124A90C5975231146FB1BAB0498F7EB75","Official publication; review reuse terms","Official modern agriculture report; preserve table/page/unit/reference period."
"20261010-094042","TN-HANDBOOK-CLIMATE","TN Statistical Handbook 2023-24 Climate and Rainfall","https://drive.google.com/uc?export=download&id=1apatQ7dTXHeViypoXqshKQjy6gpNrjeB","DOWNLOADED_VALIDATED","01_RAW_DATA\06_AGRICULTURE\Tamil-Nadu-Statistical-Handbook-2023-24\03_Climate-and-Rainfall.pdf","True","400314","36221333109DBF96A147F6C050073752B2D54FCA34AF9FB281E830A2DF600ABF","Official publication; review reuse terms","Modern climate context; cite table/page and period."
"20261010-094042","TN-HANDBOOK-AGRICULTURE","TN Statistical Handbook 2023-24 Agriculture","https://drive.google.com/uc?export=download&id=1_MGyPaeR1U1SslSjqeUdEJd2V5LkE5jT","DOWNLOADED_VALIDATED","01_RAW_DATA\06_AGRICULTURE\Tamil-Nadu-Statistical-Handbook-2023-24\04_Agriculture.pdf","True","1743846","18D4C1CE0DD21831B09ECBCC3E56FB0E9370886E7393932D0740F2F4780D4EC6","Official publication; review reuse terms","Modern crop context; preserve definitions and units."
"20261010-094042","TN-HANDBOOK-IRRIGATION","TN Statistical Handbook 2023-24 Irrigation","https://drive.google.com/uc?export=download&id=1mRx6pFJsn6sQzLG14rL7AOogXSrRHo5S","DOWNLOADED_VALIDATED","01_RAW_DATA\06_AGRICULTURE\Tamil-Nadu-Statistical-Handbook-2023-24\05_Irrigation.pdf","True","353956","BD4E0C0A5339668CAEA7463B3EDC417B53748AEB5828F6D8A7E238554DCC536B","Official publication; review reuse terms","Modern irrigation context only."
"20261010-094042","DLA-020","CGWB groundwater year book Tamil Nadu/Puducherry 2024-2025","https://cgwb.gov.in/cgwbpnm/public/download/2023","FAILED_AFTER_TWO_ATTEMPTS","01_RAW_DATA\05_GROUNDWATER\CGWB\Groundwater-Year-Book-Tamil-Nadu-Puducherry-2024-2025.pdf","False","0","","Official report; verify reuse terms","Modern measurements only; inspect districts, station IDs, dates, units and page references."
"20261010-094042","DLA-020","CGWB groundwater year book Tamil Nadu/Puducherry 2024-2025","https://cgwb.gov.in/cgwbpnm/public/media","FAILED_AFTER_TWO_ATTEMPTS","01_RAW_DATA\05_GROUNDWATER\CGWB\Groundwater-Year-Book-Tamil-Nadu-Puducherry-2024-2025.pdf","False","0","","Official report; verify reuse terms","Modern measurements only; inspect districts, station IDs, dates, units and page references."
"20261010-094042","DLA-020","CGWB groundwater yearbook Tamil Nadu/Puducherry 2024-2025","https://cgwb.gov.in/cgwbpnm/public/publication-detail/2023","MANUAL_DOWNLOAD_REQUIRED","01_RAW_DATA\05_GROUNDWATER\CGWB\Groundwater-Year-Book-Tamil-Nadu-Puducherry-2024-2025.pdf","False","0","","OFFICIAL_TERMS_REVIEW","Dynamic link not validated; no successful download claimed."
"20261010-094042","DLA-007","JRC Global Surface Water 1984-2024","https://global-surface-water.appspot.com/download","MANUAL_TILE_SELECTION_REQUIRED","01_RAW_DATA\08_SURFACE_WATER\JRC-Global-Surface-Water","True","0","","Attribution and citation","Select correct 10x10-degree tile and layer/version; no global mirror."
"20261010-094042","DLA-005","Copernicus DEM GLO-90","https://dataspace.copernicus.eu/explore-data/data-collections/copernicus-contributing-missions/collections-description/COP-DEM","MANUAL_ACCESS_AND_TILE_REVIEW","01_RAW_DATA\09_TERRAIN\Copernicus-DEM","True","0","","GLO-90 official access/terms; GLO-30 restricted","Use official regional tile and access route."
"20261010-094042","DLA-010/011","Census of India Thanjavur sources","https://www.censusindia.gov.in/nada/index.php/catalog/45367","MANUAL_ITEM_AND_TERMS_REVIEW","01_RAW_DATA\10_CENSUS","True","0","","Official item-specific terms","Choose exact catalogue file; modern baseline only."
"20261010-094042","DLA-025","National Archives of India maps","https://www.nationalarchives.nic.in/en/public-records-holdings/cartographic-records","CATALOGUE_DISCOVERY_ONLY","01_RAW_DATA\11_HISTORICAL_MAPS\National-Archives-India","True","0","","Access and reproduction rules","Catalogue only; request selected local map."
"20261010-094042","DLA-026","Abhilekh Patal archives","https://nationalarchives.nic.in/en/online-records-national-archives-india/abhilekh-patal","CATALOGUE_DISCOVERY_ONLY","01_RAW_DATA\11_HISTORICAL_MAPS\Abhilekh-Patal","True","0","","Item-level terms","Record archive identifiers and exact pages."
"20261010-094042","DLA-027","David Rumsey maps","https://www.davidrumsey.com/about/copyright-and-permissions","ITEM_LEVEL_RIGHTS_REVIEW","01_RAW_DATA\11_HISTORICAL_MAPS\David-Rumsey","True","0","","Per-item map/image rights","Prefer detailed Tanjore/Cauvery sheets."
"20261010-094042","DLA-014","CICT palm-leaf manuscript catalogue","https://www.digitalarchives.cict.in/","ITEM_LEVEL_RIGHTS_REVIEW","01_RAW_DATA\12_MANUSCRIPTS\CICT","True","0","","Per-item rights; NC limits may apply","Catalogue first; no bulk images."
"20261010-094042","DLA-015","Kriti Sampada manuscript catalogue","https://www.namami.gov.in/manuscript-database","CATALOGUE_DISCOVERY_ONLY","01_RAW_DATA\12_MANUSCRIPTS\Kriti-Sampada","True","0","","Image rights separate from metadata","Identify exact item and holding institution."
"20261010-094042","DLA-017","Kaggle uTHCD Tamil handwriting","https://www.kaggle.com/competitions/tamil-hwcr/data","LOGIN_AND_RULES_REVIEW","01_RAW_DATA\13_OCR\Kaggle-uTHCD","True","0","","Competition rules and authenticated access","Isolated handwriting is not inscription or palm-leaf data; no scraping."
"20261010-094042","DLA-012","Tamil Nadu WRD Tank Information System","https://tngis.tn.gov.in/wrd/","PERMISSION_AND_API_REVIEW","01_RAW_DATA\03_GEOSPATIAL","True","0","","Permission sensitive until confirmed","No scrape or republication before authorization."
"20261010-094042","DLA-016","Open Heritage 3D","https://openheritage3d.org/data","ITEM_SELECTION_AND_LICENSE_REVIEW","01_RAW_DATA\14_HERITAGE_3D\Open-Heritage-3D","True","0","","Dataset-specific licence","Select exact site; check size, capture metadata and licence."
